DESCEND_exit_d,DESCEND_exit_z,DESCEND_in_d,DESCEND_in_grasped,DESCEND_in_z,OPEN_exit_d,OPEN_exit_z,OPEN_in_d,OPEN_in_grasped,OPEN_in_z,RECENTER_exit_d,RECENTER_exit_z,RECENTER_in_d,RECENTER_in_grasped,RECENTER_in_z,RETRACT_in_d,RETRACT_in_grasped,RETRACT_in_z,TRANSPORT_exit_d,TRANSPORT_exit_z,d_min,eef_x,eef_y,eef_z,end_d,end_grasped,end_z,episode,grip_w,joint_idx,joint_margin,n_DESCEND,n_OPEN,n_RECENTER,n_RETRACT,n_TRANSPORT,phase,reach_xy,steps,success,tag
0.00605173921212554,1.029901146888733,0.026128366589546204,1,1.08140230178833,0.009992198087275028,0.9549471139907837,0.00605173921212554,1,1.029901146888733,0.026128366589546204,1.08140230178833,0.15814301371574402,1,1.0624194145202637,0.009992198087275028,0,0.9549471139907837,0.15814301371574402,1.0624194145202637,0.16516810655593872,0.19312536544069497,0.1664287232030227,1.0475510633095177,0.012279977090656757,0,0.8419143557548523,0,0.0725790554043654,6,0.38626687481394395,30,8,23,2,55,DONE_OK,0.25494298712376917,118,1,p2_int8
0.047786895185709,1.0747791528701782,0.04413698613643646,1,1.124800682067871,0.10264865309000015,0.9232388138771057,0.047786895185709,0,1.0747791528701782,0.04413698613643646,1.124800682067871,0.14614617824554443,1,1.0706899166107178,0.10264865309000015,0,0.9232388138771057,0.14614617824554443,1.0706899166107178,0.15678730607032776,0.1745849957723647,0.15132023609032366,1.1777455483545796,0.10262719541788101,0,0.9232527017593384,1,0.07816394611328964,5,0.4241058105805564,4,8,30,12,8,DONE_FAIL,0.2310362192368718,62,0,p2_int8
,,,,,,,,,,,,,,,,,,,,0.4014107584953308,-0.030224408545627413,0.5417568364052031,0.9113517661718971,0.40151458978652954,0,0.8432657122612,2,0.007989618560647364,1,0.2344733992608452,0,0,0,0,300,DONE_FAIL,0.5425992855355662,300,0,p2_int8
0.002385226311162114,1.471595048904419,0.025981362909078598,1,1.5270917415618896,0.003341561881825328,1.4506027698516846,0.002385226311162114,1,1.471595048904419,0.025981362909078598,1.5270917415618896,0.16470849514007568,1,1.4715341329574585,0.003341561881825328,0,1.4506027698516846,0.16470849514007568,1.4715341329574585,0.16872857511043549,0.20076428401540566,0.15356352745791937,1.4943802553164256,0.008813733235001564,0,0.8411344885826111,3,0.07778838320462494,6,1.1505626330248566,30,8,24,7,66,DONE_OK,0.2527608646557802,135,1,p2_int8
0.0026567645836621523,1.3107829093933105,0.02507345750927925,1,1.3568223714828491,0.0035723051987588406,1.2352229356765747,0.0026567645836621523,1,1.3107829093933105,0.02507345750927925,1.3568223714828491,0.15714475512504578,1,1.3103907108306885,0.0035723051987588406,0,1.2352229356765747,0.15714475512504578,1.3103907108306885,0.16361773014068604,0.21467797376606426,0.15545697276831863,1.3320391970027494,0.010313564911484718,0,0.8407851457595825,4,0.07710164477887049,1,1.3519624141792923,30,8,23,5,36,DONE_OK,0.2650537734170045,102,1,p2_int8
0.015517668798565865,1.0108234882354736,0.026036933064460754,1,1.0129730701446533,0.04771963879466057,0.9974821209907532,0.015517668798565865,1,1.0108234882354736,0.026036933064460754,1.0129730701446533,0.1351190209388733,1,1.0174825191497803,0.04771963879466057,0,0.9974821209907532,0.1351190209388733,1.0174825191497803,0.1466914862394333,0.22651257195024976,0.09251800832313233,1.0439855640806377,0.05628261715173721,0,0.8511402606964111,5,0.07518272270217119,5,0.5151195090071523,8,8,18,3,8,DONE_OK,0.24467841571253535,45,1,p2_int8
0.05672486498951912,1.4557201862335205,0.06497865170240402,0,1.4987846612930298,0.01897404156625271,0.8493359088897705,0.05672486498951912,0,1.4557201862335205,0.06497865170240402,1.4987846612930298,0.16579985618591309,1,1.5189976692199707,0.01897404156625271,0,0.8493359088897705,0.16579985618591309,1.5189976692199707,0.1695702224969864,0.2068167606181108,0.09321696122359782,1.5330977183099417,0.017994720488786697,0,0.849104642868042,6,0.06687372237684996,3,1.0501191534702916,1,8,12,1,62,DONE_OK,0.22685364077380527,84,1,p2_int8
,,,,,,,,,,,,,,,,,,,,0.38697323203086853,0.015454055382778858,-0.26972878782504045,1.754729151042207,0.4632854163646698,1,1.7591955661773682,7,0.045841788277297166,5,-0.00041237805817084805,0,0,0,0,300,DONE_FAIL,0.27017114355411775,300,0,p2_int8
0.002458618488162756,1.2388322353363037,0.02536347322165966,1,1.2842400074005127,0.0015545556088909507,1.0901069641113281,0.002458618488162756,1,1.2388322353363037,0.02536347322165966,1.2842400074005127,0.15981192886829376,1,1.2660356760025024,0.0015545556088909507,0,1.0901069641113281,0.15981192886829376,1.2660356760025024,0.16471628844738007,0.2014099795639261,0.15648643191804526,1.2444144333269287,0.006286249496042728,0,0.8359706997871399,8,0.07488483804554155,6,0.6878332235272815,30,8,22,3,42,DONE_OK,0.255056823555815,105,1,p2_int8
,,,,,,,,,,,,,,,,,,,,0.4651806950569153,-0.10755211991546085,-0.20699808950226317,1.4301283654957826,0.46799445152282715,0,0.84326171875,9,0.0009997636968275528,5,-0.0003596739502160773,0,0,0,0,300,DONE_FAIL,0.23327166042169936,300,0,p2_int8
0.08024962246417999,0.9022002816200256,0.08360236138105392,1,0.9100551605224609,0.08319363743066788,0.9008837938308716,0.08024962246417999,1,0.9022002816200256,0.08360236138105392,0.9100551605224609,0.16130030155181885,1,0.9318551421165466,0.08319363743066788,0,0.9008837938308716,0.16130030155181885,0.9318551421165466,0.1660708487033844,0.11445812502734548,0.08899361541341824,0.9541283072044194,0.08754411339759827,0,0.8778183460235596,10,0.07866694951175002,6,-0.00019127740357616219,9,8,30,12,69,DONE_FAIL,0.1449845714865097,128,0,p2_int8
,,,,,,,,,,,,,,,,,,,,0.4250744581222534,0.1348409830873018,-0.26723018257311426,1.3785137188233048,0.42560797929763794,1,1.3733036518096924,11,0.03972191995804733,5,-0.0003678338286596805,0,0,0,0,300,DONE_FAIL,0.29932267070506036,300,0,p2_int8
0.02183314971625805,1.1573717594146729,0.04505138844251633,0,1.15644109249115,0.20529700815677643,0.8492363691329956,0.02183314971625805,0,1.1573717594146729,0.04505138844251633,1.15644109249115,0.15013982355594635,1,1.1698923110961914,0.20529700815677643,0,0.8492363691329956,0.15013982355594635,1.1698923110961914,0.1577506810426712,0.20808426486912163,0.11960346799277949,1.2018833083766132,0.19112618267536163,0,0.8399957418441772,12,0.07816414129393395,5,0.7212776496103963,1,8,30,12,14,DONE_FAIL,0.24000843910584185,65,0,p2_int8
0.004559303168207407,1.1796565055847168,0.04997105523943901,1,1.2430864572525024,0.010736537165939808,1.0423940420150757,0.004559303168207407,1,1.1796565055847168,0.04997105523943901,1.2430864572525024,0.14591079950332642,1,1.1971150636672974,0.010736537165939808,0,1.0423940420150757,0.14591079950332642,1.1971150636672974,0.15637238323688507,0.19738900159707676,0.16231967281999624,1.1861951185270394,0.015271106734871864,0,0.8488568663597107,13,0.07488402443882569,5,0.6358723157933257,30,8,30,3,14,DONE_OK,0.25555839672349134,85,1,p2_int8
0.027834156528115273,1.5725170373916626,0.031275488436222076,1,1.5668182373046875,0.030111590400338173,1.5076931715011597,0.027834156528115273,1,1.5725170373916626,0.031275488436222076,1.5668182373046875,0.16563841700553894,1,1.421133041381836,0.030111590400338173,0,1.5076931715011597,0.16563841700553894,1.421133041381836,0.16919583082199097,0.21453367628789782,0.17490455407060507,1.6020532101749538,0.03372355177998543,0,0.8514601588249207,14,0.07771932307730486,3,0.01989611593230234,2,8,30,7,58,DONE_OK,0.2767964979840564,105,1,p2_int8
0.017520710825920105,1.2580174207687378,0.0571768619120121,1,1.3055237531661987,0.006857062689960003,1.2494186162948608,0.017520710825920105,1,1.2580174207687378,0.0571768619120121,1.3055237531661987,0.14320190250873566,1,1.2364755868911743,0.006857062689960003,0,1.2494186162948608,0.14320190250873566,1.2364755868911743,0.15407659113407135,0.1841011153095231,0.15590586409871154,1.2949832491117483,0.03937944769859314,0,0.8494434952735901,15,0.0778422885403511,5,0.36466481667581974,30,8,30,8,9,DONE_OK,0.24124646964997484,85,1,p2_int8
,,,,,,,,,,,,,,,,,,,,0.11221108585596085,-0.04620258892554992,0.5930712792832261,1.2408726667331642,0.30297255516052246,0,0.8432607054710388,16,0.0009997996983531527,3,-5.605953766264771e-05,0,0,0,0,300,DONE_FAIL,0.5948682388008842,300,0,p2_int8
0.050095222890377045,1.3720134496688843,0.04911014065146446,1,1.3717187643051147,0.057743802666664124,1.3680202960968018,0.050095222890377045,1,1.3720134496688843,0.04911014065146446,1.3717187643051147,0.14132274687290192,1,1.3035645484924316,0.057743802666664124,0,1.3680202960968018,0.14132274687290192,1.3035645484924316,0.15197120606899261,0.216262452813279,0.08352085338408603,1.4122178794786284,0.03454279527068138,0,0.8511450290679932,17,0.07794726286637566,5,0.48512702663264706,2,8,30,9,8,DONE_OK,0.23183007019543803,57,1,p2_int8
,,,,,,,,,,,,,,,,,,,,0.4926683008670807,0.09808948969061274,-0.3473053921939891,1.5406855323060469,0.5134097933769226,1,1.5408662557601929,18,0.039728681022193194,5,-0.00038529478711923915,0,0,0,0,300,DONE_FAIL,0.3608913734557608,300,0,p2_int8
0.0014598496491089463,1.2819324731826782,0.025940652936697006,1,1.3236095905303955,0.004938934464007616,1.147193431854248,0.0014598496491089463,1,1.2819324731826782,0.025940652936697006,1.3236095905303955,0.157328799366951,1,1.3204399347305298,0.004938934464007616,0,1.147193431854248,0.157328799366951,1.3204399347305298,0.16465353965759277,0.19827115722266628,0.15383422773088948,1.3074691613273222,0.013015898875892162,0,0.8419985175132751,19,0.07625824341940653,6,0.3418180565731066,30,8,23,4,62,DONE_OK,0.2509510338850478,127,1,p2_int8
0.011092046275734901,1.1269763708114624,0.038676682859659195,1,1.1843149662017822,0.01238937582820654,1.1013566255569458,0.011092046275734901,1,1.1269763708114624,0.038676682859659195,1.1843149662017822,0.13924546539783478,1,1.157409906387329,0.01238937582820654,0,1.1013566255569458,0.13924546539783478,1.157409906387329,0.14960426092147827,0.19143087143005805,0.15764664819322163,1.1467255808663808,0.04351893439888954,0,0.8478106260299683,20,0.07702258907674313,5,0.5991068660874386,30,8,30,5,11,DONE_OK,0.24798839533943678,84,1,p2_int8
,,,,,,,,,,,,,,,,,,,,0.3429401218891144,0.047457350602005524,-0.23501898603371688,1.7078973369741413,0.42388617992401123,1,1.705354928970337,21,0.045810164858569834,5,-0.00040996842819041035,0,0,0,0,300,DONE_FAIL,0.23976264079809864,300,0,p2_int8
,,,,,,,,,,,,,,,,,,,,0.31170952320098877,0.13331963294210403,-0.19233118954953562,1.5864934723649275,0.3694942891597748,1,1.6085847616195679,22,0.0427960886050631,5,-0.0003982696622917281,0,0,0,0,300,DONE_FAIL,0.2340201081132917,300,0,p2_int8
0.0024418558459728956,1.383129358291626,0.02529647946357727,1,1.4350340366363525,0.004965281579643488,1.2601631879806519,0.0024418558459728956,1,1.383129358291626,0.02529647946357727,1.4350340366363525,0.15446709096431732,1,1.3954532146453857,0.004965281579643488,0,1.2601631879806519,0.15446709096431732,1.3954532146453857,0.16209310293197632,0.20787022029601165,0.14642492640107574,1.4028146707649745,0.01600986160337925,0,0.8427073955535889,23,0.07702608945633982,6,0.9169962807400418,30,8,21,5,57,DONE_OK,0.25426420817227274,121,1,p2_int8
0.0025335727259516716,1.1587557792663574,0.02561875618994236,1,1.2135511636734009,0.002374185947701335,1.01973557472229,0.0025335727259516716,1,1.1587557792663574,0.02561875618994236,1.2135511636734009,0.16235020756721497,1,1.1707009077072144,0.002374185947701335,0,1.01973557472229,0.16235020756721497,1.1707009077072144,0.16681624948978424,0.20037911327780714,0.15274247760514303,1.1660571708050298,0.004412021487951279,0,0.8433681130409241,24,0.07489052791480369,6,0.5001687326593385,30,8,24,3,66,DONE_OK,0.251956451600188,131,1,p2_int8
,,,,,,,,,,,,,,,,,,,,0.40445834398269653,0.3575410798405062,0.09521073020148901,0.9101969798305515,0.40505194664001465,0,0.8432658314704895,25,0.0009998082967561217,1,0.057170277758124444,0,0,0,0,300,DONE_FAIL,0.37000095529473426,300,0,p2_int8
0.018771380186080933,1.107488989830017,0.057952433824539185,1,1.1537176370620728,0.02536514401435852,1.050560712814331,0.018771380186080933,1,1.107488989830017,0.057952433824539185,1.1537176370620728,0.14300325512886047,1,1.1310386657714844,0.02536514401435852,0,1.050560712814331,0.14300325512886047,1.1310386657714844,0.1521100252866745,0.18763625380823334,0.1737236313886403,1.1200819315803263,0.03958812355995178,0,0.8430917263031006,26,0.07625602738437447,5,0.5362328423013776,30,8,30,4,12,DONE_OK,0.25570933468695256,84,1,p2_int8
,,,,,,,,,,,,,,,,,,,,0.48015090823173523,-0.008622128005674093,-0.329387662014068,1.5216964020009176,0.545447826385498,1,1.5328524112701416,27,0.04449575926841885,5,-0.00038015225358911664,0,0,0,0,300,DONE_FAIL,0.32950049010349003,300,0,p2_int8
0.029498374089598656,1.128761887550354,0.05048692598938942,1,1.1528217792510986,0.027571965008974075,1.100801706314087,0.029498374089598656,1,1.128761887550354,0.05048692598938942,1.1528217792510986,0.15349432826042175,1,1.1501528024673462,0.027571965008974075,0,1.100801706314087,0.15349432826042175,1.1501528024673462,0.15959464013576508,0.18023888374995933,0.18195923050363416,1.1481152883518737,0.05261583253741264,0,0.8487592339515686,28,0.07702410545691549,5,0.4914959689044731,30,8,30,5,10,DONE_OK,0.25611563166059587,83,1,p2_int8
0.07899615913629532,0.8978793025016785,0.08450321853160858,1,0.9029446840286255,0.06787535548210144,0.8418443202972412,0.07899615913629532,1,0.8978793025016785,0.08450321853160858,0.9029446840286255,0.1673136055469513,1,1.026054859161377,0.06787535548210144,0,0.8418443202972412,0.1673136055469513,1.026054859161377,0.1710934191942215,0.13710924327376198,0.10975585685279574,0.8995529688836331,0.06811817735433578,0,0.8429980874061584,29,0.06806995110515188,5,0.4666149136753588,20,8,30,1,50,DONE_OK,0.17562827991128033,109,1,p2_int8
0.02286953292787075,1.36959969997406,0.026401899755001068,1,1.3697417974472046,0.015614902600646019,1.3368202447891235,0.02286953292787075,1,1.36959969997406,0.026401899755001068,1.3697417974472046,0.0973648652434349,1,1.347920536994934,0.015614902600646019,0,1.3368202447891235,0.0973648652434349,1.347920536994934,0.1103215292096138,0.18104924743668394,0.12695433181915552,1.3984182284431999,0.008082120679318905,0,0.8507215976715088,30,0.07749647081809141,5,0.03517500675949936,2,8,16,6,3,DONE_OK,0.22112492479374152,35,1,p2_int8
0.025032643228769302,1.2414488792419434,0.02723100781440735,1,1.2393405437469482,0.0656580775976181,0.9037010669708252,0.025032643228769302,0,1.2414488792419434,0.02723100781440735,1.2393405437469482,0.17479178309440613,1,1.226017713546753,0.0656580775976181,0,0.9037010669708252,0.17479178309440613,1.226017713546753,0.1762062907218933,0.19431406753368966,0.16035104284293603,1.2443982466343484,0.028794879093766212,0,0.851549506187439,31,0.07178815559594165,5,-6.855025358243338e-05,2,8,28,2,72,DONE_OK,0.25193335186573534,112,1,p2_int8
,,,,,,,,,,,,,,,,,,,,0.2681300938129425,0.05060959617275696,0.5207997120143338,0.911762060284864,0.2919486463069916,0,0.8432702422142029,32,0.0009992294903448792,1,0.16372340863982382,0,0,0,0,300,DONE_FAIL,0.5232529706164911,300,0,p2_int8
0.022175081074237823,1.3612231016159058,0.026225470006465912,1,1.3613557815551758,0.019363943487405777,1.3565659523010254,0.022175081074237823,1,1.3612231016159058,0.026225470006465912,1.3613557815551758,0.1409514844417572,1,1.334962010383606,0.019363943487405777,0,1.3565659523010254,0.1409514844417572,1.334962010383606,0.1511637568473816,0.18118619347623188,0.14537447011507112,1.378552359357901,0.05606205016374588,0,0.8528481721878052,33,0.07793740980554245,5,0.18606159963108437,2,8,26,9,8,DONE_OK,0.23229759634495628,53,1,p2_int8
0.0022279315162450075,1.1085944175720215,0.02658820152282715,1,1.1518574953079224,0.014503237791359425,0.8409029245376587,0.0022279315162450075,1,1.1085944175720215,0.02658820152282715,1.1518574953079224,0.1501532942056656,1,1.1645704507827759,0.014503237791359425,0,0.8409029245376587,0.1501532942056656,1.1645704507827759,0.15878795087337494,0.22322113471927058,0.1376561244600701,1.1172505636831602,0.014629441313445568,0,0.8430709838867188,34,0.06706570676714027,3,0.7392952408207221,30,8,25,1,45,DONE_OK,0.26225347202034344,109,1,p2_int8
,,,,,,,,,,,,,,,,,,,,0.566611111164093,-0.08948390225236667,-0.4400522737000142,1.5464057532558952,0.6639323234558105,1,1.545255184173584,35,0.03972206977428934,5,-0.000382620013589019,0,0,0,0,300,DONE_FAIL,0.4490583173162071,300,0,p2_int8
0.015667308121919632,1.192170262336731,0.033374346792697906,1,1.2697455883026123,0.021839072927832603,1.1333327293395996,0.015667308121919632,1,1.192170262336731,0.033374346792697906,1.2697455883026123,0.15524178743362427,1,1.3108315467834473,0.021839072927832603,0,1.1333327293395996,0.15524178743362427,1.3108315467834473,0.16316264867782593,0.19166336119845018,0.14175046348060916,1.2127314530040916,0.03668231517076492,0,0.8461875915527344,36,0.07638866733226835,3,0.5176329155049515,30,8,30,4,49,DONE_OK,0.23838632075447427,121,1,p2_int8
0.0012264018878340721,1.3660691976547241,0.025253431871533394,1,1.4060158729553223,0.006115973927080631,1.2308342456817627,0.0012264018878340721,1,1.3660691976547241,0.025253431871533394,1.4060158729553223,0.15166065096855164,1,1.4066030979156494,0.006115973927080631,0,1.2308342456817627,0.15166065096855164,1.4066030979156494,0.15900428593158722,0.20189936248655432,0.15079415822111458,1.3871053455192224,0.015041744336485863,0,0.8382427096366882,37,0.07625828210087233,6,0.44207490719058073,30,8,23,4,66,DONE_OK,0.2519964895114446,131,1,p2_int8
0.0008660156163387001,1.2389854192733765,0.0254655834287405,1,1.2817622423171997,0.0057993424125015736,1.1473596096038818,0.0008660156163387001,1,1.2389854192733765,0.0254655834287405,1.2817622423171997,0.1559353619813919,1,1.2887959480285645,0.0057993424125015736,0,1.1473596096038818,0.1559353619813919,1.2887959480285645,0.16385136544704437,0.2081147700716968,0.14468286962410712,1.2586174376743002,0.02308153547346592,0,0.8508087992668152,38,0.07628225027186,6,0.1872968412584859,30,8,21,4,52,DONE_OK,0.2534657576175954,115,1,p2_int8
0.008741645142436028,1.1288267374038696,0.026184098795056343,1,1.1722196340560913,0.05832045152783394,0.8432707190513611,0.008741645142436028,0,1.1288267374038696,0.026184098795056343,1.1722196340560913,0.140117347240448,1,1.1542510986328125,0.05832045152783394,0,0.8432707190513611,0.140117347240448,1.1542510986328125,0.15016476809978485,0.22863457163787643,0.14860084554287714,1.1821314705144095,0.058320388197898865,0,0.8432719707489014,39,0.06689821231041312,1,1.185349857902073,11,8,20,1,21,DONE_OK,0.2726829269391343,61,1,p2_int8
0.004217814188450575,1.2101036310195923,0.02726336382329464,1,1.2276149988174438,0.011814980767667294,1.1735438108444214,0.004217814188450575,1,1.2101036310195923,0.02726336382329464,1.2276149988174438,0.14443889260292053,1,1.2359144687652588,0.011814980767667294,0,1.1735438108444214,0.14443889260292053,1.2359144687652588,0.15626293420791626,0.18488301781581368,0.15546216827580236,1.2184073449843522,0.034157514572143555,0,0.8482562899589539,40,0.07711430358384874,6,0.030470186256594367,30,8,20,5,8,DONE_OK,0.24155789376813247,71,1,p2_int8
0.006412445567548275,1.1442819833755493,0.02516857720911503,1,1.2157557010650635,0.022639654576778412,0.8432578444480896,0.006412445567548275,0,1.1442819833755493,0.02516857720911503,1.2157557010650635,0.14721278846263885,1,1.2139972448349,0.022639654576778412,0,0.8432578444480896,0.14721278846263885,1.2139972448349,0.15549787878990173,0.20983952799628802,0.11882112700324446,1.1904117120415172,0.02263965643942356,0,0.8432611227035522,41,0.06687763317159534,6,0.4263258180495484,28,8,21,1,56,DONE_OK,0.24114536639136588,114,1,p2_int8
0.00267132674343884,1.2318350076675415,0.027167098596692085,1,1.2762426137924194,0.007968539372086525,1.1332547664642334,0.00267132674343884,1,1.2318350076675415,0.027167098596692085,1.2762426137924194,0.16371960937976837,1,1.2384850978851318,0.007968539372086525,0,1.1332547664642334,0.16371960937976837,1.2384850978851318,0.167495459318161,0.19969232277763527,0.15266776785327507,1.2496781985377983,0.02133365534245968,0,0.8421294093132019,42,0.07625634744712192,6,0.6639565683224427,30,8,22,4,28,DONE_OK,0.25136521461337635,92,1,p2_int8
0.0265060942620039,1.609697699546814,0.030759938061237335,1,1.6039271354675293,0.026547746732831,1.6173955202102661,0.0265060942620039,1,1.609697699546814,0.030759938061237335,1.6039271354675293,0.173776775598526,1,1.362445592880249,0.026547746732831,0,1.6173955202102661,0.173776775598526,1.362445592880249,0.17552094161510468,0.2112517896901322,0.17734964946440274,1.6520693074362207,0.02945350483059883,0,0.8488696813583374,43,0.07810952943582972,3,0.07379922202079567,2,8,30,11,112,DONE_OK,0.27582642515254113,163,1,p2_int8
0.02911476045846939,1.266925573348999,0.06547608226537704,1,1.3329617977142334,0.018941977992653847,1.2594406604766846,0.02911476045846939,1,1.266925573348999,0.06547608226537704,1.3329617977142334,0.13943858444690704,1,1.2690255641937256,0.018941977992653847,0,1.2594406604766846,0.13943858444690704,1.2690255641937256,0.15097598731517792,0.19240203232725667,0.14248489707818848,1.3045768303727967,0.03668922185897827,0,0.848286509513855,44,0.07793737828049922,5,0.3675228784610982,30,8,30,9,8,DONE_OK,0.23941697504362694,85,1,p2_int8
0.0028255698271095753,1.156378149986267,0.03655952215194702,1,1.2098984718322754,0.0030635446310043335,1.0262972116470337,0.0028255698271095753,1,1.156378149986267,0.03655952215194702,1.2098984718322754,0.15252506732940674,1,1.176679015159607,0.0030635446310043335,0,1.0262972116470337,0.15252506732940674,1.176679015159607,0.16005279123783112,0.21319207767787643,0.15798503752009704,1.1721311918316724,0.002105731051415205,0,0.8414821028709412,45,0.07489934236187573,5,0.747462489912956,30,8,30,3,15,DONE_OK,0.26534907963819315,86,1,p2_int8
0.003750209929421544,1.054263710975647,0.026643408462405205,1,1.1067131757736206,0.005183571018278599,0.918767511844635,0.003750209929421544,1,1.054263710975647,0.026643408462405205,1.1067131757736206,0.15710406005382538,1,1.0826069116592407,0.005183571018278599,0,0.918767511844635,0.15710406005382538,1.0826069116592407,0.1644221395254135,0.19943241556823932,0.15582380393300474,1.0712364259862437,0.010384419932961464,0,0.8429048657417297,46,0.07243118425692442,6,0.27728482034379365,30,8,22,2,57,DONE_OK,0.25308960123152907,119,1,p2_int8
0.0026530211325734854,1.1985284090042114,0.025097621604800224,1,1.2422819137573242,0.008038618601858616,1.0780105590820312,0.0026530211325734854,1,1.1985284090042114,0.025097621604800224,1.2422819137573242,0.1643524467945099,1,1.2134605646133423,0.008038618601858616,0,1.0780105590820312,0.1643524467945099,1.2134605646133423,0.1690691113471985,0.1996544570414796,0.1576194452599974,1.2033326135869167,0.01834973134100437,0,0.834631085395813,47,0.07488412846809406,6,0.7882892976332037,30,8,23,3,21,DONE_OK,0.2543733314256771,85,1,p2_int8
,,,,,,,,,,,,,,,,,,,,0.20902203023433685,0.3606601168588439,0.1777965916010875,0.9862360575223083,0.2685357630252838,0,0.023223087191581726,48,0.0009997886453164567,1,-0.000234670788000102,0,0,0,0,300,DONE_FAIL,0.40210365315127244,300,0,p2_int8
0.0007938583148643374,1.0783236026763916,0.027630573138594627,1,1.1264450550079346,0.0017246851930394769,0.9349547624588013,0.0007938583148643374,1,1.0783236026763916,0.027630573138594627,1.1264450550079346,0.16280817985534668,1,1.1795721054077148,0.0017246851930394769,0,0.9349547624588013,0.16280817985534668,1.1795721054077148,0.16740182042121887,0.20363882339024644,0.1589923196791869,1.0876663641419846,0.007539766374975443,0,0.8413741588592529,49,0.07243065816921386,6,0.020359760991824682,30,8,29,2,31,DONE_OK,0.2583550427391204,100,1,p2_int8
0.023928197100758553,1.174687147140503,0.02742672525346279,1,1.173221468925476,0.02093721553683281,1.0498126745224,0.023928197100758553,1,1.174687147140503,0.02742672525346279,1.173221468925476,0.14935532212257385,1,1.0735512971878052,0.02093721553683281,0,1.0498126745224,0.14935532212257385,1.0735512971878052,0.15658770501613617,0.20805881152095507,0.15032015370608262,1.1983182698452366,0.030891356989741325,0,0.8427119255065918,50,0.07488505268445164,5,0.15652848446896428,2,8,30,3,17,DONE_OK,0.2566799907700883,60,1,p2_int8
0.16544927656650543,1.340050458908081,0.16479825973510742,0,1.403340220451355,0.2985185980796814,0.5164730548858643,0.16544927656650543,0,1.340050458908081,0.16479825973510742,1.403340220451355,0.16491445899009705,1,1.4580011367797852,0.2985185980796814,0,0.5164730548858643,0.16491445899009705,1.4580011367797852,0.16905011236667633,0.31600098385715886,0.08018988809734576,1.49351472656506,0.40583962202072144,0,0.02322305738925934,51,0.0781637499329832,3,0.8020906431392028,1,8,2,12,69,DONE_FAIL,0.3260169320016327,92,0,p2_int8
0.0006601836648769677,1.2036089897155762,0.06058761477470398,1,1.2536191940307617,0.007148060016334057,1.1902730464935303,0.0006601836648769677,1,1.2036089897155762,0.06058761477470398,1.2536191940307617,0.13787588477134705,1,1.1999669075012207,0.007148060016334057,0,1.1902730464935303,0.13787588477134705,1.1999669075012207,0.1490616649389267,0.1724526960074395,0.17782614009244987,1.2367410389566806,0.03911464288830757,0,0.8532294631004333,52,0.07769203485303955,5,0.3823753906144973,30,8,30,7,8,DONE_OK,0.2477136824247178,83,1,p2_int8
0.008221155032515526,1.1604152917861938,0.024869848042726517,1,1.2470237016677856,0.01566537283360958,0.8431170582771301,0.008221155032515526,0,1.1604152917861938,0.024869848042726517,1.2470237016677856,0.15777015686035156,1,1.2394195795059204,0.01566537283360958,0,0.8431170582771301,0.15777015686035156,1.2394195795059204,0.16379430890083313,0.21998989981018527,0.1579062991193375,1.2273219115379934,0.015665635466575623,0,0.8432511687278748,53,0.06688861060933596,5,0.7249459101983509,28,8,30,1,14,DONE_OK,0.270795043012351,81,1,p2_int8
0.0020800346974283457,1.3266276121139526,0.026903480291366577,1,1.3709731101989746,0.005999891087412834,1.1936981678009033,0.0020800346974283457,1,1.3266276121139526,0.026903480291366577,1.3709731101989746,0.15240980684757233,1,1.3654218912124634,0.005999891087412834,0,1.1936981678009033,0.15240980684757233,1.3654218912124634,0.1595640778541565,0.201498754590081,0.15279978640418504,1.3396460995811887,0.015554923564195633,0,0.8453150987625122,54,0.07625824106659217,6,0.5089323754034489,30,8,20,4,68,DONE_OK,0.2528824288607618,130,1,p2_int8
0.04538999870419502,1.1399532556533813,0.05333119258284569,1,1.1397029161453247,0.04065874591469765,1.033595085144043,0.04538999870419502,1,1.1399532556533813,0.05333119258284569,1.1397029161453247,0.16100361943244934,1,1.0510048866271973,0.04065874591469765,0,1.033595085144043,0.16100361943244934,1.0510048866271973,0.16696760058403015,0.23162063285915566,0.1552403010583921,1.1596137597326033,0.050938285887241364,0,0.8402199745178223,55,0.07488387428797327,6,-0.00013656932138017552,2,8,30,3,60,DONE_OK,0.2788326893295978,103,1,p2_int8
0.02409561164677143,1.578074336051941,0.027619997039437294,1,1.573909878730774,0.027724023908376694,1.5152899026870728,0.02409561164677143,1,1.578074336051941,0.027619997039437294,1.573909878730774,0.15971723198890686,1,1.4946914911270142,0.027724023908376694,0,1.5152899026870728,0.15971723198890686,1.4946914911270142,0.1656087189912796,0.2180774055252639,0.16317410939514562,1.6008387050223156,0.037737324833869934,0,0.8445905447006226,56,0.07771920983113273,3,0.02106004484053145,2,8,24,7,53,DONE_OK,0.27236656325167624,94,1,p2_int8
0.0017625985201448202,1.4487595558166504,0.024646257981657982,1,1.511682152748108,0.006101907696574926,0.9752662181854248,0.0017625985201448202,1,1.4487595558166504,0.024646257981657982,1.511682152748108,0.1586766391992569,1,1.474932312965393,0.006101907696574926,0,0.9752662181854248,0.1586766391992569,1.474932312965393,0.16485992074012756,0.2177111663505228,0.1484472882805765,1.4858578497943233,0.00797688402235508,0,0.85060054063797,57,0.07182705419875543,6,0.7601953695528341,30,8,21,2,60,DONE_OK,0.2635047425599046,121,1,p2_int8
,,,,,,,,,,,,,,,,,,,,0.4692986309528351,-0.03061714017870859,-0.35010089825269897,1.6963779678030022,0.55654376745224,1,1.6950101852416992,58,0.03972379694447125,5,-0.00040430763162468963,0,0,0,0,300,DONE_FAIL,0.35143711845801,300,0,p2_int8
0.0025337261613458395,1.134778380393982,0.02459334395825863,1,1.178756594657898,0.006094080861657858,1.0600560903549194,0.0025337261613458395,1,1.134778380393982,0.02459334395825863,1.178756594657898,0.13452878594398499,1,1.1768807172775269,0.006094080861657858,0,1.0600560903549194,0.13452878594398499,1.1768807172775269,0.14875084161758423,0.18837960559536326,0.15470016983706647,1.1583515255659966,0.01776820421218872,0,0.8435901403427124,59,0.07625622002370416,6,0.19765577392373812,30,8,13,4,23,DONE_OK,0.24376016563803413,78,1,p2_int8
,,,,,,,,,,,,,,,,,,,,0.38568514585494995,0.11429910115922995,-0.24519072694628358,1.430853890439347,0.4043862819671631,1,1.426325798034668,60,0.045847851193956096,5,-0.0003749859723347626,0,0,0,0,300,DONE_FAIL,0.2705231544734293,300,0,p2_int8
0.03270248696208,1.6231781244277954,0.03486674278974533,1,1.6184420585632324,0.042288802564144135,1.5650038719177246,0.03270248696208,1,1.6231781244277954,0.03486674278974533,1.6184420585632324,0.16110171377658844,1,1.4763199090957642,0.042288802564144135,0,1.5650038719177246,0.16110171377658844,1.4763199090957642,0.16578783094882965,0.20745391323173357,0.19336490955587246,1.6491222480247638,0.05570807307958603,0,0.8488358855247498,61,0.07771915130221023,3,0.02672542130193585,2,8,30,7,73,DONE_OK,0.28359674603688667,120,1,p2_int8
0.006500304210931063,1.478897213935852,0.025562623515725136,1,1.5122113227844238,0.007057630456984043,1.4578864574432373,0.006500304210931063,1,1.478897213935852,0.025562623515725136,1.5122113227844238,0.14948582649230957,1,1.5093281269073486,0.007057630456984043,0,1.4578864574432373,0.14948582649230957,1.5093281269073486,0.15705202519893646,0.2049586000504335,0.15133696883696107,1.5041954648673592,0.007074128836393356,0,0.8473438024520874,62,0.07772551333653521,3,0.7120273299486648,30,8,22,7,68,DONE_OK,0.2547761878029281,135,1,p2_int8
0.025278043001890182,1.1881191730499268,0.06496580690145493,1,1.225319266319275,0.04726249724626541,1.0629361867904663,0.025278043001890182,1,1.1881191730499268,0.06496580690145493,1.225319266319275,0.1472208946943283,1,1.1791023015975952,0.04726249724626541,0,1.0629361867904663,0.1472208946943283,1.1791023015975952,0.15523779392242432,0.1841707407815512,0.1954002733865688,1.205077237362972,0.06089392676949501,0,0.8422115445137024,63,0.07488193411917599,5,0.4444809340179319,30,8,30,3,9,DONE_OK,0.26851467110675936,80,1,p2_int8
0.022312229499220848,1.421079397201538,0.02616860158741474,1,1.421388030052185,0.02261115051805973,1.3400211334228516,0.022312229499220848,1,1.421079397201538,0.02616860158741474,1.421388030052185,0.1528494656085968,1,1.3761264085769653,0.02261115051805973,0,1.3400211334228516,0.1528494656085968,1.3761264085769653,0.16036924719810486,0.21968964594183998,0.14690346968330437,1.4427867617629868,0.02581113390624523,0,0.8435693979263306,64,0.07749666204115777,6,0.7118022150311463,2,8,21,6,70,DONE_OK,0.26428047589454,107,1,p2_int8
0.019483331590890884,1.0041091442108154,0.02677786536514759,1,1.0687557458877563,0.0339299775660038,0.9254006147384644,0.019483331590890884,1,1.0041091442108154,0.02677786536514759,1.0687557458877563,0.1530798226594925,1,1.0810257196426392,0.0339299775660038,0,0.9254006147384644,0.1530798226594925,1.0810257196426392,0.16045688092708588,0.18261653590115795,0.1397662154444253,1.014040735876037,0.04644782468676567,0,0.8443297743797302,65,0.0724300417722683,1,0.5955000165793953,30,8,25,2,54,DONE_OK,0.2299638975234948,119,1,p2_int8
,,,,,,,,,,,,,,,,,,,,0.4523460865020752,-0.07050907133786238,-0.2820385248794861,1.542590161230961,0.5246595740318298,0,0.8432477116584778,66,0.000999781465401778,5,-0.000380644626663873,0,0,0,0,300,DONE_FAIL,0.2907185213520533,300,0,p2_int8
0.006165141239762306,1.2833796739578247,0.02527773380279541,1,1.3041428327560425,0.021604204550385475,0.8401997685432434,0.006165141239762306,0,1.2833796739578247,0.02527773380279541,1.3041428327560425,0.15486136078834534,1,1.3094027042388916,0.021604204550385475,0,0.8401997685432434,0.15486136078834534,1.3094027042388916,0.1615268588066101,0.22232820359546498,0.13289467895012627,1.3056958630160205,0.017185663804411888,0,0.8531653881072998,67,0.06701228079105173,6,0.3668988522022585,14,8,20,1,59,DONE_OK,0.2590189680452836,102,1,p2_int8
0.004821959417313337,1.2110040187835693,0.025003425776958466,1,1.2330347299575806,0.009020357392728329,1.1400269269943237,0.004821959417313337,1,1.2110040187835693,0.025003425776958466,1.2330347299575806,0.15438511967658997,1,1.23122239112854,0.009020357392728329,0,1.1400269269943237,0.15438511967658997,1.23122239112854,0.16068248450756073,0.19441920765113246,0.15859153507696486,1.23377600239881,0.017665088176727295,0,0.8412996530532837,68,0.07639346533453181,6,0.1198397728464462,30,8,23,4,19,DONE_OK,0.25089859166954753,84,1,p2_int8
0.025022001937031746,1.340429663658142,0.02792488783597946,1,1.3397516012191772,0.0203096903860569,0.8408612608909607,0.025022001937031746,1,1.340429663658142,0.02792488783597946,1.3397516012191772,0.15179337561130524,1,1.3239195346832275,0.0203096903860569,0,0.8408612608909607,0.15179337561130524,1.3239195346832275,0.1593361496925354,0.23867800673908268,0.13242015919743896,1.3690120629252196,0.022605298087000847,0,0.8496075868606567,69,0.06690688500608037,3,-3.2921438653521484e-05,2,8,21,1,60,DONE_OK,0.2729510752182828,92,1,p2_int8
0.0016337340930476785,1.1909717321395874,0.02565416507422924,1,1.2369492053985596,0.014315479435026646,0.8379848003387451,0.0016337340930476785,1,1.1909717321395874,0.02565416507422924,1.2369492053985596,0.1579401046037674,1,1.2104156017303467,0.014315479435026646,0,0.8379848003387451,0.1579401046037674,1.2104156017303467,0.16434992849826813,0.23294725409978145,0.15542987063996402,1.2081047900424986,0.014738079160451889,0,0.8429107069969177,70,0.06701366000409746,5,1.1137448022502143,30,8,21,1,22,DONE_OK,0.28004083252230216,82,1,p2_int8
,,,,,,,,,,,,,,,,,,,,0.3004319369792938,-0.031212491366526027,0.610356841971873,0.8974061164536216,0.31150808930397034,0,0.8432507514953613,71,0.000999790534414628,1,0.16254295597626878,0,0,0,0,300,DONE_FAIL,0.6111543946984129,300,0,p2_int8
0.030492544174194336,1.3867095708847046,0.03358844667673111,1,1.3862550258636475,0.02428598143160343,1.2351572513580322,0.030492544174194336,1,1.3867095708847046,0.03358844667673111,1.3862550258636475,0.16038428246974945,1,1.2977155447006226,0.02428598143160343,0,1.2351572513580322,0.16038428246974945,1.2977155447006226,0.1658402532339096,0.21337433480580972,0.16761518527778552,1.3952428395693484,0.02138761430978775,0,0.8320707678794861,72,0.07625252256217746,6,0.7461504631852169,2,8,30,4,71,DONE_OK,0.2713364278705094,115,1,p2_int8
0.025840049609541893,1.0942771434783936,0.02693207748234272,1,1.093078851699829,0.0509893037378788,1.0774834156036377,0.025840049609541893,1,1.0942771434783936,0.02693207748234272,1.093078851699829,0.14644284546375275,1,1.1378662586212158,0.0509893037378788,0,1.0774834156036377,0.14644284546375275,1.1378662586212158,0.15615606307983398,0.20579811574703047,0.08820849398417821,1.1226410257078818,0.037207189947366714,0,0.8463821411132812,73,0.07702640683526735,5,0.5237713630615692,2,8,24,5,13,DONE_OK,0.22390534351815938,52,1,p2_int8
0.0022352198138833046,1.3917127847671509,0.025654524564743042,1,1.4398113489151,0.0054069869220256805,1.3233453035354614,0.0022352198138833046,1,1.3917127847671509,0.025654524564743042,1.4398113489151,0.16359595954418182,1,1.4086579084396362,0.0054069869220256805,0,1.3233453035354614,0.16359595954418182,1.4086579084396362,0.1683911830186844,0.1987099737905601,0.15675905637346665,1.4230915546285747,0.015852024778723717,0,0.8439401984214783,74,0.07749618416059004,6,0.858489971231363,30,8,24,6,59,DONE_OK,0.25309890446018285,127,1,p2_int8
0.02421705238521099,1.4376204013824463,0.026989858597517014,1,1.4368783235549927,0.02874055877327919,1.3983752727508545,0.02421705238521099,1,1.4376204013824463,0.026989858597517014,1.4368783235549927,0.15865583717823029,1,1.3450212478637695,0.02874055877327919,0,1.3983752727508545,0.15865583717823029,1.3450212478637695,0.16558656096458435,0.23090005930390392,0.15342883823630293,1.4648377912832542,0.040437571704387665,0,0.8453188538551331,75,0.0777280475533537,3,0.010912644852333439,2,8,29,7,59,DONE_OK,0.27722778682716487,105,1,p2_int8
0.02799571305513382,1.1544320583343506,0.06722021847963333,1,1.180296778678894,0.03750153258442879,1.1313151121139526,0.02799571305513382,1,1.1544320583343506,0.06722021847963333,1.180296778678894,0.15034262835979462,1,1.1742721796035767,0.03750153258442879,0,1.1313151121139526,0.15034262835979462,1.1742721796035767,0.159554585814476,0.1755832350896757,0.19187474439411434,1.1840300418024614,0.05424388125538826,0,0.852898359298706,76,0.07702075441397518,5,0.5153060039778752,30,8,30,5,6,DONE_OK,0.26008727377721313,79,1,p2_int8
0.012596813961863518,1.1295220851898193,0.04589305445551872,1,1.2016078233718872,0.03461270034313202,0.8430789113044739,0.012596813961863518,1,1.1295220851898193,0.04589305445551872,1.2016078233718872,0.14570553600788116,1,1.164602279663086,0.03461270034313202,0,0.8430789113044739,0.14570553600788116,1.164602279663086,0.15452724695205688,0.20478225707659298,0.16919733231002998,1.1581358858710145,0.03461418300867081,0,0.8432483077049255,77,0.0669993748562516,5,0.4977515058983326,30,8,30,1,12,DONE_OK,0.26563793041321215,81,1,p2_int8
0.041472598910331726,1.0676294565200806,0.04677848145365715,0,1.134966254234314,0.061542440205812454,0.8459124565124512,0.041472598910331726,0,1.0676294565200806,0.04677848145365715,1.134966254234314,0.13140039145946503,1,1.1652768850326538,0.061542440205812454,0,0.8459124565124512,0.13140039145946503,1.1652768850326538,0.1440315544605255,0.1964466448794423,0.07319676791796925,1.2203557600699317,0.06307832151651382,0,0.8443589806556702,78,0.06693840779161582,5,0.6080486407779477,1,8,16,1,13,DONE_OK,0.20964028982527852,39,1,p2_int8
0.009891764260828495,1.4694041013717651,0.02500053122639656,1,1.4904958009719849,0.00672096898779273,1.3409578800201416,0.009891764260828495,1,1.4694041013717651,0.02500053122639656,1.4904958009719849,0.1539570391178131,1,1.480006456375122,0.00672096898779273,0,1.3409578800201416,0.1539570391178131,1.480006456375122,0.16100803017616272,0.20162743475460046,0.16787822568443972,1.4883149110157892,0.0030779570806771517,0,0.848694920539856,79,0.07702453075661103,3,0.3979176897789308,30,8,21,5,65,DONE_OK,0.2623675305838669,129,1,p2_int8
0.005473203957080841,1.4045394659042358,0.026565171778202057,1,1.4207125902175903,0.01791599951684475,1.3344776630401611,0.005473203957080841,1,1.4045394659042358,0.026565171778202057,1.4207125902175903,0.1549825817346573,1,1.4126967191696167,0.01791599951684475,0,1.3344776630401611,0.1549825817346573,1.4126967191696167,0.16274890303611755,0.19800989761098114,0.17432810767901352,1.4282222568778495,0.0510278195142746,0,0.8453327417373657,80,0.07745334244957561,6,0.022925795345595912,30,8,20,6,67,DONE_OK,0.2638147241509787,131,1,p2_int8
0.0080924266949296,1.1985224485397339,0.06167205050587654,1,1.2488040924072266,0.027996456250548363,1.0686347484588623,0.0080924266949296,1,1.1985224485397339,0.06167205050587654,1.2488040924072266,0.1396102011203766,1,1.2142425775527954,0.027996456250548363,0,1.0686347484588623,0.1396102011203766,1.2142425775527954,0.1501833200454712,0.17520007521035658,0.17767099971776704,1.1949193265018674,0.0418478362262249,0,0.8436177372932434,81,0.07487666630488272,5,0.46214758307460135,30,8,30,3,19,DONE_OK,0.24952364716480355,90,1,p2_int8
0.025191709399223328,1.0970054864883423,0.027573419734835625,1,1.0974375009536743,0.03558120131492615,1.0828303098678589,0.025191709399223328,1,1.0970054864883423,0.027573419734835625,1.0974375009536743,0.1385338455438614,1,1.1267485618591309,0.03558120131492615,0,1.0828303098678589,0.1385338455438614,1.1267485618591309,0.14988340437412262,0.193502650539915,0.12045082316266856,1.112893996957219,0.018602175638079643,0,0.844685971736908,82,0.07702581181805002,5,0.46819222479973455,2,8,22,5,14,DONE_OK,0.22792910425511026,51,1,p2_int8
0.004903039894998074,1.1743156909942627,0.02615687996149063,1,1.2115161418914795,0.0561131052672863,0.8546137809753418,0.004903039894998074,1,1.1743156909942627,0.02615687996149063,1.2115161418914795,0.07460571825504303,1,1.216036081314087,0.0561131052672863,0,0.8546137809753418,0.07460571825504303,1.216036081314087,0.08833108842372894,0.18651172618736142,0.14220454778783534,1.1893440269894333,0.0640617311000824,0,0.845575213432312,83,0.06739143607771458,5,-8.729816589259087e-05,30,8,9,1,3,DONE_OK,0.23453945812364285,51,1,p2_int8
0.0023091190960258245,1.05949866771698,0.025974512100219727,1,1.0981911420822144,0.005040207412093878,1.0278359651565552,0.0023091190960258245,1,1.05949866771698,0.025974512100219727,1.0981911420822144,0.16571594774723053,1,1.056828260421753,0.005040207412093878,0,1.0278359651565552,0.16571594774723053,1.056828260421753,0.16977079212665558,0.1984563684190957,0.14738339663683625,1.0776930905868518,0.02748209238052368,0,0.8521040081977844,84,0.07625505291367254,5,0.6822836475828362,30,8,22,4,18,DONE_OK,0.24719788787590163,82,1,p2_int8
0.023928029462695122,1.5901498794555664,0.027146436274051666,1,1.585590124130249,0.025114599615335464,1.5231295824050903,0.023928029462695122,1,1.5901498794555664,0.027146436274051666,1.585590124130249,0.1620825231075287,1,1.4873837232589722,0.025114599615335464,0,1.5231295824050903,0.1620825231075287,1.4873837232589722,0.1673087477684021,0.21171354557854843,0.1707778015658415,1.6180877961913385,0.02760964073240757,0,0.8449969291687012,85,0.0777193165415292,3,0.022377477334973042,2,8,26,7,55,DONE_OK,0.27200676993248174,98,1,p2_int8
0.0023004442919045687,1.3176223039627075,0.026447171345353127,1,1.3619080781936646,0.0089242123067379,1.2801239490509033,0.0023004442919045687,1,1.3176223039627075,0.026447171345353127,1.3619080781936646,0.16092638671398163,1,1.3393429517745972,0.0089242123067379,0,1.2801239490509033,0.16092638671398163,1.3393429517745972,0.1650668829679489,0.19646231362379243,0.1617234348219404,1.3313909921160432,0.035894155502319336,0,0.8425410389900208,86,0.07749631833179287,6,0.4368964369136461,30,8,24,6,42,DONE_OK,0.2544639661032968,110,1,p2_int8
0.007417758926749229,1.1328179836273193,0.0263140257447958,1,1.1606744527816772,0.009984518401324749,1.0979962348937988,0.007417758926749229,1,1.1328179836273193,0.0263140257447958,1.1606744527816772,0.13103868067264557,1,1.1435599327087402,0.009984518401324749,0,1.0979962348937988,0.13103868067264557,1.1435599327087402,0.14418581128120422,0.18649961674664514,0.14533143891032757,1.1422734033609652,0.027703462168574333,0,0.8442256450653076,87,0.07702340442279082,5,0.07066989915647204,30,8,19,5,8,DONE_OK,0.2364388592900748,70,1,p2_int8
0.02430392988026142,1.5833501815795898,0.027726545929908752,1,1.5784924030303955,0.02637549117207527,1.5211933851242065,0.02430392988026142,1,1.5833501815795898,0.027726545929908752,1.5784924030303955,0.15950706601142883,1,1.479003667831421,0.02637549117207527,0,1.5211933851242065,0.15950706601142883,1.479003667831421,0.16475851833820343,0.2195510190351588,0.1666284367364525,1.6083218692049852,0.03172089904546738,0,0.8461380004882812,88,0.07771975743453544,3,0.021869917636069575,2,8,26,7,47,DONE_OK,0.27562236100978926,90,1,p2_int8
0.018479498103260994,1.1260486841201782,0.024548135697841644,1,1.1242038011550903,0.025708887726068497,1.0705034732818604,0.018479498103260994,1,1.1260486841201782,0.024548135697841644,1.1242038011550903,0.1410290151834488,1,1.119853138923645,0.025708887726068497,0,1.0705034732818604,0.1410290151834488,1.119853138923645,0.15173812210559845,0.18427179287873552,0.18275890308667175,1.1585411763436906,0.04574507102370262,0,0.8383429646492004,89,0.07638281117627166,5,-0.00019269103114849528,2,8,21,4,11,DONE_OK,0.2595320988012602,46,1,p2_int8
0.002579514868557453,1.0358150005340576,0.033085793256759644,1,1.0933245420455933,0.0016461664345115423,0.9633731842041016,0.002579514868557453,1,1.0358150005340576,0.033085793256759644,1.0933245420455933,0.16235318779945374,1,1.181418776512146,0.0016461664345115423,0,0.9633731842041016,0.16235318779945374,1.181418776512146,0.16718874871730804,0.20877000758444608,0.1525847218803557,1.0638643236084817,0.007381109520792961,0,0.8427103161811829,90,0.07284472823110788,6,-1.32383821642712e-05,30,8,30,2,24,DONE_OK,0.2585865685183884,94,1,p2_int8
,,,,,,,,,,,,,,,,,,,,0.2559516727924347,0.033287947540769386,-0.09267830015463974,1.5417697927773577,0.4361974895000458,0,0.8400223851203918,91,0.0009997845201926564,5,-0.0003839444837607786,0,0,0,0,300,DONE_FAIL,0.0984751479868424,300,0,p2_int8
0.014622082002460957,0.928446888923645,0.03564613312482834,1,1.0048736333847046,0.011209636926651001,0.8502727150917053,0.014622082002460957,1,0.928446888923645,0.03564613312482834,1.0048736333847046,0.16002453863620758,1,1.104973554611206,0.011209636926651001,0,0.8502727150917053,0.16002453863620758,1.104973554611206,0.16575029492378235,0.20909600614182408,0.15189350649222394,0.9356019234863685,0.017294617369771004,0,0.8485474586486816,92,0.06860085763919313,5,0.3746254941527778,30,8,30,1,28,DONE_OK,0.2584429861670945,97,1,p2_int8
0.0325174555182457,0.8860775232315063,0.08130943030118942,1,0.9934058785438538,0.03013261966407299,0.850436270236969,0.0325174555182457,1,0.8860775232315063,0.08130943030118942,0.9934058785438538,0.169865682721138,1,1.1190153360366821,0.03013261966407299,0,0.850436270236969,0.169865682721138,1.1190153360366821,0.17214418947696686,0.16744258853549066,0.15236044593590128,0.8923003091949726,0.026576124131679535,0,0.846047580242157,93,0.07243311346653554,6,-5.30763767474518e-05,30,8,30,2,29,DONE_OK,0.22638623178376446,99,1,p2_int8
,,,,,,,,,,,,,,,,,,,,0.5157791972160339,-0.04773932136735119,-0.36437836851983213,1.3992492752499384,0.5518078804016113,0,0.8432479500770569,94,0.0009997907375693994,5,-0.00036106382596079456,0,0,0,0,300,DONE_FAIL,0.3674923648863876,300,0,p2_int8
0.011429207399487495,1.377753734588623,0.024347808212041855,1,1.416309118270874,0.024333531036973,0.8427214622497559,0.011429207399487495,0,1.377753734588623,0.024347808212041855,1.416309118270874,0.15262499451637268,1,1.3709967136383057,0.024333531036973,0,0.8427214622497559,0.15262499451637268,1.3709967136383057,0.158701553940773,0.22231394362216578,0.11589440798895981,1.4367742328398412,0.024192746728658676,0,0.8430618047714233,95,0.06687481281659524,6,0.6068218898335611,4,8,21,1,49,DONE_OK,0.2507090012982202,83,1,p2_int8
0.03331945464015007,1.5046436786651611,0.03700847178697586,1,1.5033613443374634,0.17623084783554077,0.7955912351608276,0.03331945464015007,1,1.5046436786651611,0.03700847178697586,1.5033613443374634,0.16405509412288666,1,1.3737834692001343,0.17623084783554077,0,0.7955912351608276,0.16405509412288666,1.3737834692001343,0.16844581067562103,0.19715073563824465,0.16026170226269373,1.5364561883240972,0.2536686956882477,0,0.031914837658405304,96,0.07816989511298,6,0.5407587346500278,2,8,30,12,53,DONE_FAIL,0.25407130057296384,105,0,p2_int8
0.03699380159378052,1.2773257493972778,0.051310308277606964,1,1.3577872514724731,0.03238959237933159,1.2664353847503662,0.03699380159378052,1,1.2773257493972778,0.051310308277606964,1.3577872514724731,0.14033284783363342,1,1.3236727714538574,0.03238959237933159,0,1.2664353847503662,0.14033284783363342,1.3236727714538574,0.15252888202667236,0.18707939885113695,0.14761631641633188,1.3172157113074685,0.05707428604364395,0,0.8632830381393433,97,0.07819094830446127,5,0.3634419250209402,30,8,30,12,10,DONE_FAIL,0.23830501116600422,90,0,p2_int8
0.0017266911454498768,1.1960923671722412,0.025551116093993187,1,1.243501901626587,0.006675700657069683,0.842887282371521,0.0017266911454498768,1,1.1960923671722412,0.025551116093993187,1.243501901626587,0.15836118161678314,1,1.2366055250167847,0.006675700657069683,0,0.842887282371521,0.15836118161678314,1.2366055250167847,0.16413523256778717,0.22274559294154456,0.13889920904444664,1.2247266809532673,0.006725069135427475,0,0.8431981205940247,98,0.06689800963373309,6,0.542154295110965,30,8,21,1,53,DONE_OK,0.2625044560537081,113,1,p2_int8
0.0481758639216423,1.5723583698272705,0.04832738637924194,1,1.5700066089630127,0.06475001573562622,1.5281834602355957,0.0481758639216423,1,1.5723583698272705,0.04832738637924194,1.5700066089630127,0.1620960682630539,1,1.5063587427139282,0.06475001573562622,0,1.5281834602355957,0.1620960682630539,1.5063587427139282,0.1664305329322815,0.21496844777883325,0.21498431797651815,1.5998555396885918,0.09064240753650665,0,0.8511366248130798,99,0.07771883092532764,3,0.014512447524186997,2,8,30,7,79,DONE_OK,0.3040225164626292,126,1,p2_int8
