reach,grip_close,idle,drop,away,grasp_hold,success_bonus,partial_credit,align_shape,dense_align,n_drops,n_grasped_steps,_align,_rise,_certified,_steps,_total,_disc,outcome
17.429554470871437,2.596042719726646,-28.600000000000012,0.0,0.0,80.0,0.0,0.10651730229266858,0.0,-11.402788102564902,0,8,0.6161182689353832,0.004248649308281283,0,26,60.12932639032586,46.19258370834696,"slip (gripped, lift failed)"
21.249808789279715,2.0815886390762612,-31.900000000000016,0.0,0.0,80.0,0.0,3.3430272370937835,0.0,-23.22375667921099,0,8,0.2583048094264421,0.01340162527755595,0,29,51.55066798623875,36.68295164056475,"slip (gripped, lift failed)"
22.40347833798627,2.551238022930737,-31.900000000000016,0.0,0.0,80.0,0.0,0.11389253590005985,0.0,-8.220137182354938,0,8,0.21724173692412652,0.004344527859046821,0,29,64.94847171446212,48.977637498772516,"slip (gripped, lift failed)"
19.63728133414503,0.36363367987912254,-33.000000000000014,0.0,0.0,80.0,0.0,0.35077807171382025,0.0,-17.28670658601698,0,8,0.3782045368951982,0.006321036686630088,0,30,50.06498649972097,35.51384477421463,"slip (gripped, lift failed)"
21.16587015123567,2.874978364064389,-36.30000000000002,0.0,0.0,80.0,0.0,0.24703508139571914,0.0,-13.538660048561258,0,8,0.7460326816781175,0.0056238065864442355,0,33,54.449223548134505,37.00035969036527,"slip (gripped, lift failed)"
20.542834892490216,2.557403484555207,-30.800000000000015,0.0,0.0,80.0,0.0,37.5,0.0,-17.925165219668983,0,8,0.6443999723462197,0.061050916869510474,0,28,91.87507315737643,68.58015549400267,"slip (gripped, lift failed)"
26.904018028821476,3.455202760572313,-41.800000000000026,0.0,-0.7,80.0,0.0,0.010415432057017606,0.0,-23.821097572581774,0,8,0.24666642474561162,0.0019573564841951496,0,38,44.048538648869,26.77464613795084,"slip (gripped, lift failed)"
19.223101877710366,2.272419413644209,-33.000000000000014,0.0,-0.7,80.0,0.0,3.316016531064664,0.0,-3.2661509172023906,0,8,0.07366595471248283,0.013365433860516918,0,30,67.84538690521683,50.17878226563831,"slip (gripped, lift failed)"
49.22489186519581,12.064424534072707,-69.30000000000003,0.0,-2.0999999999999996,80.0,0.0,0.021667615063413106,0.0,-66.89630800457863,0,8,0.3866537965532264,0.0024987024117241186,0,63,3.014676009753268,-14.766817487105982,"slip (gripped, lift failed)"
27.973657507160894,3.075781592097252,-42.90000000000003,0.0,-0.7,80.0,0.0,0.0006272406480634727,0.0,-11.465089849293683,0,8,0.4068473710706485,0.000767224089434082,0,39,55.98497649061249,35.73387595480949,"slip (gripped, lift failed)"
32.98613608219623,6.496450205152831,-45.10000000000003,0.0,-1.4,80.0,0.0,0.07119746875539461,0.0,-47.40240429184885,0,8,0.2621932432294326,0.0037147735963684037,0,41,25.651379464255584,8.882259662351935,"slip (gripped, lift failed)"
18.827572698244193,2.7669942279448683,-34.100000000000016,0.0,0.0,80.0,0.0,37.5,0.0,-18.56296027884236,0,8,0.2282166888491013,0.040565005844057866,0,31,86.43160664734668,61.31878758356743,"slip (gripped, lift failed)"
18.91101365644066,2.5705787662707507,-31.900000000000016,0.0,0.0,80.0,0.0,0.8579588227880214,0.0,-19.338595927164878,0,8,0.38362988051987945,0.008516601245662891,0,29,51.10095531833453,36.55064593628174,"slip (gripped, lift failed)"
20.484966133200864,1.0981255270108647,-35.20000000000002,0.0,-0.7,80.0,0.0,0.8310565026990613,0.0,-11.258390239486497,0,8,0.7939584943367183,0.008426638233347328,0,32,55.255757923424255,38.50010399971795,"slip (gripped, lift failed)"
18.417293731704497,1.300209727963102,-27.50000000000001,0.0,0.0,80.0,0.0,4.518378236558387,0.0,-14.150210264395504,0,8,0.04611840976401771,0.014817389364116695,0,25,62.58567143183048,48.656785924578024,"slip (gripped, lift failed)"
67.74622220675832,14.488125928226804,-95.69999999999989,-15.0,-2.0999999999999996,120.0,0.0,0.0,0.0,-87.99371625481483,3,15,0.822247061130565,0.0,0,87,1.440631880170395,-9.309013619571445,"slip (gripped, lift failed)"
131.29539420976542,46.57093376857844,-171.5999999999995,-15.0,-4.2,120.0,0.0,7.020822748431111e-05,0.0,-114.3213685345312,3,13,0.32808031359774137,0.0003697488526693826,0,156,-7.254970347959341,-37.66134917685049,"slip (gripped, lift failed)"
23.418025422563208,1.4721120704212187,-39.60000000000002,0.0,0.0,80.0,0.0,37.5,0.0,-22.63570212389216,0,8,0.45060928401267974,0.05643326712531094,0,36,80.15443536909224,52.44606002945323,"slip (gripped, lift failed)"
44.41834415446789,12.780256950778169,-60.50000000000005,-20.0,-1.4,120.0,0.0,1.4721663999999202,0.0,-35.10876830821686,4,18,0.8959049006904308,0.010195999353792673,0,55,61.661999197029026,40.63893929591897,"slip (gripped, lift failed)"
22.105142525709738,2.2527074858067895,-37.40000000000002,0.0,0.0,80.0,0.0,37.5,0.0,-12.961580775403942,0,8,0.49753065240453853,0.04598865826219534,0,34,91.49626923611255,63.17123883654642,"slip (gripped, lift failed)"
23.654972171539878,3.086924591334457,-38.50000000000002,0.0,-1.4,80.0,0.0,0.011805644442523308,0.0,-25.020828978223253,0,8,0.8061013346148024,0.0020408326729121073,0,35,41.83287342909358,25.16052719011082,"slip (gripped, lift failed)"
20.73475472224575,2.9644095759710076,-36.30000000000002,0.0,-0.7,80.0,0.0,37.5,0.0,-10.585079950733343,0,8,0.5011499837852985,0.09050185993208648,0,33,93.61408434748343,65.85889433309553,"slip (gripped, lift failed)"
19.720961098678792,2.4100611280658244,-33.000000000000014,0.0,0.0,80.0,0.0,0.31384525090903476,0.0,-9.247373622364329,0,8,0.7315911692599053,0.006090917062243739,0,30,60.19749385528932,43.7388982408668,"slip (gripped, lift failed)"
19.410661213144206,2.745676409391751,-36.30000000000002,0.0,0.0,80.0,0.0,37.5,0.0,-6.556684456533189,0,8,0.6453305251989203,0.048890312976987094,0,33,96.79965316600274,68.43547500712421,"slip (gripped, lift failed)"
37.85454988563188,10.5733352299021,-51.70000000000004,0.0,-2.0999999999999996,80.0,0.0,37.5,0.0,-23.98431131964382,0,8,0.904166896438532,0.048294737188504966,0,47,88.14357379589012,50.34029784668407,"slip (gripped, lift failed)"
19.783492703633502,1.8999641464887125,-35.20000000000002,0.0,0.0,80.0,0.0,37.5,0.0,-17.516272502082035,0,8,0.3371203568346257,0.06057559947270008,0,32,86.46718434804016,60.92503519210308,"slip (gripped, lift failed)"
17.658489782638465,1.096373742133382,-31.900000000000016,0.0,0.0,80.0,0.0,0.125161352042985,0.0,-12.76466796602452,0,8,0.35720727555482135,0.004483332140987617,0,29,54.21535691079029,39.45497902635823,"slip (gripped, lift failed)"
18.456017928573065,1.5723002170040137,-31.900000000000016,0.0,0.0,80.0,0.0,37.5,0.0,-6.034069433393861,0,8,0.4717830470186325,0.043496324734408676,0,29,99.59424871218322,74.5672645282576,"slip (gripped, lift failed)"
111.7962807273204,42.322196619904055,-156.1999999999996,-20.0,-3.5,120.0,0.0,3.66825235249568e-05,0.0,-85.94211290149012,4,18,0.3920182055437118,0.00029780402763868175,0,142,8.47640112825826,-11.269828905515595,"slip (gripped, lift failed)"
18.329560791537105,2.7934004059681463,-27.50000000000001,0.0,0.0,80.0,0.0,8.540305744755269,0.0,-9.427700253333061,0,8,0.9026353011230162,0.018320414909495875,0,25,72.73556668892745,57.08737440957973,"slip (gripped, lift failed)"
29.747940604378787,2.5875933655719447,-39.60000000000002,0.0,0.0,80.0,0.0,37.5,0.0,-31.134682365079986,0,8,0.06811455639515629,0.0814259578619686,0,36,79.10085160487074,51.6573358561151,"slip (gripped, lift failed)"
20.137740021390776,2.780261410491353,-36.30000000000002,0.0,0.0,80.0,288.6134548481774,0.0,0.0,-8.979635906520022,0,8,0.848179397975699,0.13799393198726506,1,33,346.25182037353954,249.3542126696812,CERTIFIED
19.098443957305552,1.708228252520875,-27.50000000000001,0.0,0.0,80.0,284.1961585572893,0.0,0.0,-15.595223017022027,0,8,0.7892821140971907,0.1314290788671768,1,25,341.90760775009375,267.9185342544041,CERTIFIED
19.319309720851503,2.689712467820957,-25.300000000000008,0.0,0.0,80.0,280.73772042244366,0.0,0.0,-5.068408401545505,0,8,0.7431696056325825,0.16506751904551786,1,23,352.3783342095706,283.4274637247525,CERTIFIED
18.04495336766635,1.4301452367448546,-24.200000000000006,0.0,0.0,80.0,243.50961161388096,0.0,0.0,-16.424399323187647,0,8,0.2467948215184126,0.17774535453677143,1,22,302.36031089510453,244.58610493202772,CERTIFIED
19.3806407162088,2.1048016621160364,-26.40000000000001,0.0,0.0,80.0,255.74708555806822,0.0,0.0,-11.584788458764336,0,8,0.40996114077424295,0.14048440911110038,1,24,319.2477394776287,253.307711292674,CERTIFIED
20.001235129818987,2.6745645157213027,-29.700000000000014,0.0,-0.7,80.0,290.4722799291149,0.0,0.0,-9.288089289811062,0,8,0.8729637323881989,0.12125179639005623,1,27,353.45999028484414,271.6985394907092,CERTIFIED
20.71150794725445,1.8406772175607042,-31.900000000000016,0.0,0.0,80.0,258.27282359345605,0.0,0.0,-18.50596661741062,0,8,0.4436376479127476,0.17907207498354627,1,29,310.41904214086054,232.5539103967095,CERTIFIED
21.294042149558532,1.828631572004928,-33.000000000000014,0.0,0.0,80.0,287.0810460593323,0.0,0.0,-2.5162119620885184,0,8,0.8277472807910973,0.10543677714161381,1,30,354.68750781880726,264.882627228035,CERTIFIED
19.017790571963058,2.496240455278449,-29.700000000000014,0.0,0.0,80.0,278.78570031853985,0.0,0.0,-17.10768198511766,0,8,0.7171426709138643,0.17986273478145054,1,27,333.4920493606637,255.46060006229692,CERTIFIED
18.979419506292704,2.287811028643298,-35.20000000000002,0.0,0.0,80.0,286.0440944626872,0.0,0.0,-9.191323544136745,0,8,0.8517467746750909,0.09735221393791837,1,32,342.9200014534864,249.3755142960074,CERTIFIED
19.85396257841714,2.8321179669471856,-35.20000000000002,0.0,0.0,80.0,254.7267778370944,0.0,0.0,-11.130909854457498,0,8,0.3963570378279254,0.1790362110643562,1,32,311.08194852800113,225.8883606255081,CERTIFIED
21.80133922520556,2.4157377171700656,-36.30000000000002,0.0,0.0,80.0,290.3171192592463,0.0,0.0,-4.566238753913833,0,8,0.870894923456617,0.15142075275257527,1,33,353.6679574477081,255.34474790769983,CERTIFIED
42.71499925603191,3.100935022442573,-57.200000000000045,-15.0,0.0,120.0,284.78955902205547,0.0,0.0,-15.559133536739713,3,27,0.7971941202940729,0.11517228649841182,1,52,362.8463597637902,229.1668994189349,CERTIFIED
17.4876231408555,1.310613258956784,-24.200000000000006,0.0,0.0,80.0,255.16618364495105,0.0,0.0,-9.254270115773732,0,8,0.4022157819326809,0.15854711459649384,1,22,320.51014992898956,260.0205617767091,CERTIFIED
19.137609718907722,2.0145961848731555,-29.700000000000014,0.0,-0.7,80.0,245.6586805416235,0.0,0.0,-14.244555210953484,0,8,0.2754490738883132,0.1525211086578525,1,27,302.1663312344509,231.86425162961498,CERTIFIED
23.090590793315172,1.9114548979362007,-35.20000000000002,0.0,-0.7,80.0,264.01424500669617,0.0,0.0,-7.000005378836629,0,8,0.520189933422616,0.17277929441401418,1,32,326.1162853191109,237.8088575941605,CERTIFIED
21.730526882469377,2.0158403125089075,-29.700000000000014,-5.0,-0.7,90.0,262.2560836006357,0.0,0.0,-22.69605735492358,1,9,0.49674778134180964,0.15759184839506113,1,27,317.9063934406904,243.1454380100429,CERTIFIED
19.772625675150184,1.5268728606143918,-31.900000000000016,0.0,0.0,80.0,261.6518840507269,0.0,0.0,-2.3836025943314443,0,8,0.4886917873430251,0.10549998626141999,1,29,328.66777999216004,247.99203025552723,CERTIFIED
18.046755869500174,2.120721014746939,-28.600000000000012,0.0,0.0,80.0,280.0514770964565,0.0,0.0,-14.690093541068478,0,8,0.8450278894049651,0.09222942636501186,1,26,336.92886043963506,261.0119865513263,CERTIFIED
51.43921886735122,4.075650022882394,-79.19999999999997,0.0,-1.4,80.0,261.04471196446934,0.0,0.0,-27.584630667179486,0,8,0.480596159526258,0.11151611205054968,1,72,288.3749501875235,126.10228933078025,CERTIFIED
19.715663959083713,1.469893223081471,-29.700000000000014,0.0,0.0,80.0,236.37792300909965,0.0,0.0,-20.39527519775464,0,8,0.1517056401213286,0.1645445182863392,1,27,287.4682049935102,219.73302939226446,CERTIFIED
26.185075511433116,4.864203912612209,-46.20000000000003,0.0,0.0,80.0,259.511172569326,0.0,0.0,-26.575991380515674,0,8,0.46014896759101276,0.11443250400764093,1,42,297.7844606128556,191.36133667418585,CERTIFIED
18.359077304053006,2.091407426789925,-27.50000000000001,0.0,0.0,80.0,288.53505935048116,0.0,0.0,-3.7804928311849,0,8,0.8471341246730819,0.14347740105085383,1,25,357.70505125013915,281.63771632349415,CERTIFIED
17.409697309644013,2.289906550006161,-25.300000000000008,0.0,0.0,80.0,260.072950833428,0.0,0.0,-13.870922230706375,0,8,0.4676393444457072,0.1250265536141132,1,23,320.6016324623718,256.7816152660789,CERTIFIED
29.4830595700315,3.740833436693233,-42.90000000000003,-10.0,-0.7,120.0,269.3912727670086,0.0,0.0,-16.555782782920506,2,16,0.5918836368934478,0.14483201869213924,1,39,352.4593829908128,243.5320756469585,CERTIFIED
20.61987399887907,2.614453116453777,-33.000000000000014,0.0,0.0,80.0,288.05600272501846,0.0,0.0,-15.59597614343727,0,8,0.8407467030002462,0.11805881787596517,1,30,342.69435369691405,254.16944052059722,CERTIFIED
19.153135744564075,2.7069396661881027,-35.20000000000002,0.0,0.0,80.0,287.8256983509182,0.0,0.0,-4.583063888238858,0,8,0.8376759780122423,0.13305540569859042,1,32,349.9027098734315,254.96349243536872,CERTIFIED
20.599124517323496,2.3570268200451467,-33.000000000000014,0.0,0.0,80.0,296.5642880033717,0.0,0.0,-6.936312086687407,0,8,0.954190506711623,0.13024459646202347,1,30,359.58412725405293,267.76102627612835,CERTIFIED
34.62725346692945,4.264293320807033,-49.500000000000036,-15.0,0.0,120.0,270.6804395697407,0.0,0.0,-17.850086993339332,3,18,0.8308803008568852,0.08447345587177602,1,45,347.2218993641378,227.30792482754308,CERTIFIED
19.92391206525259,1.5651189211110048,-31.900000000000016,0.0,0.0,80.0,236.638701841177,0.0,0.0,-4.733392988288872,0,8,0.15518269121569372,0.2460755740197237,1,29,301.4943398392517,227.40930937220344,CERTIFIED
18.356909706719446,1.7157158009770452,-29.700000000000014,0.0,0.0,80.0,274.7426563836727,0.0,0.0,-15.95587526903667,0,8,0.6632354184489692,0.14506823970209837,1,27,329.15940662233254,252.23665229792815,CERTIFIED
19.226602745861925,1.947410168447242,-34.100000000000016,0.0,0.0,80.0,292.2848467151105,0.0,0.0,-9.736385617056852,0,8,0.8971312895348067,0.16094790297747086,1,31,349.62247401236283,257.06035968994587,CERTIFIED
20.764216061478855,2.152520033609124,-35.20000000000002,0.0,0.0,80.0,225.2776790580984,0.0,0.0,-1.8944563845281601,0,8,0.9664953904103055,0.032604489792170455,1,32,291.0999587686582,212.46892162810394,CERTIFIED
19.326527289500692,2.2363041685343044,-28.600000000000012,0.0,0.0,80.0,298.66710173925736,0.0,0.0,-14.49716869031702,0,8,0.9822280231900979,0.13889957130926722,1,26,357.13276450697526,276.9156775336827,CERTIFIED
18.630546332678446,1.374215333535845,-33.000000000000014,0.0,0.0,80.0,215.7594538750097,0.0,0.0,-3.3932973685559507,0,8,0.15900372576741062,0.08024522947962365,1,30,279.37091817266804,208.18112516221873,CERTIFIED
19.277510808360866,1.56588935791029,-25.300000000000008,0.0,0.0,80.0,299.1950649668088,0.0,0.0,-9.416092299624724,0,8,0.9892675328907836,0.10528700538351021,1,23,365.32237283345523,293.41328545788826,CERTIFIED
19.815540363516746,2.4699561526299947,-26.40000000000001,0.0,0.0,80.0,273.79830197410587,0.0,0.0,-14.96247303251752,0,8,0.6506440263214113,0.11900866242739727,1,24,334.7213254577351,265.23199117072755,CERTIFIED
19.333381132270056,2.27210814645926,-27.50000000000001,0.0,0.0,80.0,273.0795042558575,0.0,0.0,-4.9631427880738865,0,8,0.6410600567447666,0.11736217363043133,1,25,342.221850746513,269.5206086379862,CERTIFIED
18.503675830729716,1.7488008283497958,-27.50000000000001,0.0,0.0,80.0,249.11222650836288,0.0,0.0,-20.300363686626724,0,8,0.3214963534448385,0.1810156131970342,1,25,301.56433948081565,235.7005979124629,CERTIFIED
19.59589767790286,1.4052851947143241,-26.40000000000001,0.0,0.0,80.0,285.85938945979905,0.0,0.0,-4.0014751861308735,0,8,0.8114585261306536,0.11685351424716328,1,24,356.4590971462854,283.82296888691775,CERTIFIED
26.447355693511625,3.0290765764799765,-41.800000000000026,-5.0,0.0,120.0,283.90273998192083,0.0,0.0,-17.136143685417263,1,15,0.7853698664256115,0.11695211436211517,1,38,369.4430285664952,256.5221517825734,CERTIFIED
18.433355747590493,1.7586240474835544,-26.40000000000001,0.0,0.0,80.0,269.2132920391251,0.0,0.0,-7.57806878157011,0,8,0.5895105605216682,0.11912989011053043,1,24,335.42720305262907,266.64526728314377,CERTIFIED
22.1416094967854,1.9335860357340189,-34.100000000000016,0.0,0.0,80.0,224.10337819035254,0.0,0.0,-8.763844207846075,0,8,0.2879486384607566,0.07900674828540943,1,31,285.3147295150259,210.2581791404306,CERTIFIED
26.015790692063362,3.672509389097708,-44.00000000000003,-5.0,0.0,110.0,281.0491403032658,0.0,0.0,-14.107638974411248,1,11,0.7473218707102105,0.14718246311848004,1,40,357.6298014100156,239.70613898132888,CERTIFIED
23.379745167109245,1.799047257923775,-35.20000000000002,0.0,-0.7,80.0,278.64871673732216,0.0,0.0,-12.85062833146255,0,8,0.7153162231642953,0.1434563966237169,1,32,335.07688083089266,243.43412299382607,CERTIFIED
19.063458997212535,1.9926837119918188,-27.50000000000001,0.0,0.0,80.0,291.6571151644233,0.0,0.0,-12.068935212829711,0,8,0.8887615355256442,0.14050073540611618,1,25,353.1443226607979,277.1647847743186,CERTIFIED
16.614570003177864,1.684720403106196,-22.000000000000004,0.0,0.0,80.0,254.1354822694916,0.0,0.0,-15.100189943358872,0,8,0.38847309692655474,0.12211883925895772,1,20,315.3345827324168,260.5907891717901,CERTIFIED
33.388633625137274,4.334144504888195,-50.60000000000004,-5.0,-0.7,120.0,248.1168179431464,0.0,0.0,-28.989194697850937,1,12,0.6796277955743775,0.07400175105673024,1,46,320.55040137532086,199.7629450879298,CERTIFIED
20.595782460829525,2.154958914128633,-30.800000000000015,0.0,0.0,80.0,271.3894623414302,0.0,0.0,-7.270830528708883,0,8,0.6185261645524027,0.1335612719908914,1,28,336.06937318767945,255.90352470970993,CERTIFIED
20.133421012071125,1.929622635315372,-31.900000000000016,0.0,0.0,80.0,270.89189698195685,0.0,0.0,-4.432284302112118,0,8,0.6118919597594242,0.14172535807403674,1,29,336.6226563272312,253.8110681564201,CERTIFIED
19.1382260431796,1.531899504820863,-33.000000000000014,0.0,0.0,80.0,257.8401390804561,0.0,0.0,-5.860333352736735,0,8,0.43786852107274776,0.213510600855633,1,30,319.6499312757198,237.90094684191493,CERTIFIED
57.32640324421372,3.623849695709484,-78.09999999999998,-5.0,-1.4,90.0,214.8890213124748,0.0,0.0,-34.90633464021196,1,9,0.489958274585207,0.056266007337345325,1,71,246.43293961218606,108.93907032732912,CERTIFIED
17.492134471682764,1.1937559169271479,-28.600000000000012,0.0,0.0,80.0,240.01978273929723,0.0,0.0,-15.71824541990741,0,8,0.20026376985729633,0.13183172056478087,1,26,294.38742770799973,227.9496331769555,CERTIFIED
22.591837685107798,5.116710280172347,-30.800000000000015,0.0,-1.4,80.0,231.46959265028187,0.0,0.0,-28.087482619023646,0,8,0.08626123533709162,0.22051461235096848,1,28,278.8906579965384,210.18415716012734,CERTIFIED
164.31175579792352,2.7289199094860384,-212.2999999999993,0.0,-3.5,80.0,262.87972717688876,0.0,0.0,-202.05413325320043,0,8,0.5050630290251839,0.22310695816743686,1,193,92.0662696310986,-63.0128521918844,CERTIFIED
20.068466526087835,2.471996559369086,-28.600000000000012,0.0,0.0,80.0,292.49153317451714,0.0,0.0,-6.176714133654382,0,8,0.8998871089935625,0.1250106391150969,1,26,360.2552821263196,280.4727733686743,CERTIFIED
22.903754493069417,4.5573163112943815,-31.900000000000016,-10.0,0.0,100.0,225.17721799982004,0.0,0.0,-21.825088565187993,2,10,0.002362906664267417,0.18473029252195394,1,29,288.91320023899584,217.0477350962651,CERTIFIED
18.251479221228685,1.5878266590906676,-29.700000000000014,0.0,0.0,80.0,245.35116104896207,0.0,0.0,-13.84443968029537,0,8,0.27134881398616073,0.21285390029194995,1,27,301.6460272489861,231.375356756452,CERTIFIED
19.667672527039517,2.43643784510689,-27.50000000000001,0.0,-0.7,80.0,294.7976421499978,0.0,0.0,-6.702379771196313,0,8,0.9306352286666374,0.10566251252138426,1,25,361.9993727509479,284.74096940248717,CERTIFIED
19.16854421152071,2.6192305800267164,-33.000000000000014,0.0,0.0,80.0,296.0694302975243,0.0,0.0,-11.164352047439786,0,8,0.9475924039669907,0.1375514317029155,1,30,353.69285304163196,262.708911545256,CERTIFIED
60.03444711057676,12.523518658869467,-79.19999999999997,-5.0,-2.0999999999999996,120.0,255.54433739026672,0.0,0.0,-77.83967872369101,1,13,0.8171382929067073,0.07130836772744609,1,72,283.96262443602194,133.52296292786298,CERTIFIED
19.476221480833843,2.5548920559067585,-26.40000000000001,0.0,0.0,80.0,277.8604153644522,0.0,0.0,-2.73441891630737,0,8,0.7048055381926958,0.18813347041467765,1,24,350.7571099848854,279.5431162695771,CERTIFIED
20.201829323086468,2.651208764793849,-28.600000000000012,0.0,0.0,80.0,255.3263047898765,0.0,0.0,-17.37654302433876,0,8,0.40435073053168646,0.1420366492106535,1,26,312.202799853418,241.9114778118139,CERTIFIED
18.979859560473376,2.11563761553577,-33.000000000000014,0.0,0.0,80.0,239.64099570374472,0.0,0.0,-13.1354390106717,0,8,0.19521327604992966,0.15248048754704524,1,30,294.6010538690822,218.7063454287789,CERTIFIED
20.601898796360498,3.5460039647606303,-28.600000000000012,-5.0,0.0,90.0,286.61957905893127,0.0,0.0,-3.988375185111548,1,9,0.821594387452417,0.13877113767690796,1,26,363.17910663494087,283.70034007152594,CERTIFIED
21.268047365509094,3.032087503704946,-31.900000000000016,0.0,-0.7,80.0,287.9002852544314,0.0,0.0,-14.55331725552646,0,8,0.8386704700590858,0.14326763617573768,1,29,345.047102868119,258.9720621558002,CERTIFIED
16.02392827014816,1.2703493298050423,-25.300000000000008,0.0,0.0,80.0,278.7917737625325,0.0,0.0,-6.414628888444435,0,8,0.7172236501671005,0.2556429051846695,1,23,344.37142247404125,276.52251965250235,CERTIFIED
20.285704693861774,2.5790874310178133,-36.30000000000002,0.0,0.0,80.0,283.8495313076471,0.0,0.0,-21.045361285586107,0,8,0.7846604174352947,0.2385570634870371,1,33,329.3689621469406,235.6272211517295,CERTIFIED
23.234028350808437,2.7318260813321387,-35.20000000000002,0.0,0.0,80.0,280.321841461003,0.0,0.0,-14.622138263587097,0,8,0.7376245528133729,0.13350135832881416,1,32,336.46555762955643,244.36088509107358,CERTIFIED
25.38368890590365,2.5538803595441464,-39.60000000000002,0.0,0.0,80.0,249.66892394605142,0.0,0.0,-30.91637365357413,0,8,0.3289189859473526,0.12800571701411445,1,36,287.0901195579251,197.42809857005201,CERTIFIED
27.426173222183273,1.9570041929844408,-40.700000000000024,0.0,-1.4,80.0,289.7355638858206,0.0,0.0,-14.866139486648676,0,8,0.8631408518109411,0.1337951127207222,1,37,342.1526018143397,235.11694842787395,CERTIFIED
92.31101118821601,23.79150293741716,-119.89999999999976,-5.0,0.0,120.0,297.14751944359836,0.0,0.0,-58.00531976276557,1,15,0.9619669259146449,0.14049903927567042,1,109,350.3447138064662,134.5551360623046,CERTIFIED
53.586651346615675,10.734851758772114,-79.19999999999997,-10.0,0.0,120.0,240.0624621108027,0.0,0.0,-64.67682012134233,2,12,0.8207325588042798,0.05660701885378294,1,72,270.5071450948482,114.81409356151094,CERTIFIED
19.580620712171765,1.808725767865433,-31.900000000000016,0.0,0.0,80.0,287.485814360249,0.0,0.0,-5.0097597344840334,0,8,0.8331441914699863,0.24321890652223888,1,29,351.96540110580213,265.2571722968404,CERTIFIED
21.296964476699866,3.0192854229539687,-29.700000000000014,0.0,0.0,80.0,278.0418489250601,0.0,0.0,-5.23878996397496,0,8,0.7072246523341348,0.1385809028457783,1,27,347.41930886073897,267.95008190816964,CERTIFIED
18.636379017705533,1.606891002693752,-28.600000000000012,0.0,0.0,80.0,291.2062020535737,0.0,0.0,-11.797426716095144,0,8,0.8827493607143155,0.1480081299104583,1,26,351.05204535787783,272.49542082361097,CERTIFIED
28.233562909437367,5.452094716421689,-45.10000000000003,0.0,-0.7,80.0,255.29133398280857,0.0,0.0,-22.387974262565333,0,8,0.40388445310411436,0.12713864490714166,1,41,300.7890173461023,197.07575763462356,CERTIFIED
22.49047945724913,4.483199453439294,-31.900000000000016,-10.0,0.0,110.0,242.9495328413033,0.0,0.0,-16.81589372578635,2,11,0.2393271045507106,0.1876820965102295,1,29,321.20731802620537,242.87676694949312,CERTIFIED
19.25484675320991,1.4680970405938047,-31.900000000000016,0.0,0.0,80.0,282.82965320281954,0.0,0.0,-8.285317890163958,0,8,0.77106204270426,0.12334942519851344,1,29,343.36727910645925,258.27860547230256,CERTIFIED
20.972922546944936,3.5898123658495673,-28.600000000000012,-5.0,-0.7,90.0,299.4252730400234,0.0,0.0,-1.8827306475354264,1,9,0.9923369738669786,0.12936861440864378,1,26,377.80527730528246,295.19115130104194,CERTIFIED
22.22818546960797,3.0164113816260367,-29.700000000000014,-5.0,0.0,90.0,232.855921843773,0.0,0.0,-13.762022407574793,1,9,0.10474562458363978,0.13416351819067707,1,27,299.6384962874322,230.4556963530803,CERTIFIED
19.67901630386088,1.6563448720667002,-31.900000000000016,0.0,-0.7,80.0,276.48704537376494,0.0,0.0,-4.718571159695188,0,8,0.6864939383168654,0.19362289053027026,1,29,340.50383538999733,256.5748179263028,CERTIFIED
20.268068280137047,2.4448095525219378,-31.900000000000016,0.0,0.0,80.0,290.6840232448864,0.0,0.0,-7.808822336881601,0,8,0.8757869765984854,0.15864976144535203,1,29,353.6880787406638,266.1894549568867,CERTIFIED
23.4884496691678,2.067578839326543,-33.000000000000014,0.0,0.0,80.0,292.06016555223255,0.0,0.0,-14.772927438066176,0,8,0.8941355406964338,0.10055705782703861,1,30,349.84326662266074,259.9200905842223,CERTIFIED
25.69943246331689,0.8799842332278889,-39.60000000000002,-5.0,0.0,90.0,245.12190085287426,0.0,0.0,-8.988145714569024,1,9,0.2682920113716566,0.14644766939067155,1,36,308.11317183485,215.15673174899953,CERTIFIED
19.060742002380536,2.486972868865796,-27.50000000000001,0.0,0.0,80.0,293.65037660477896,0.0,0.0,-8.54850243962169,0,8,0.915338354730386,0.15989909284887538,1,25,359.1495890364036,282.2211224907633,CERTIFIED
19.329517920029307,2.1846466615115228,-36.30000000000002,0.0,-0.7,80.0,273.93255115008805,0.0,0.0,-4.446950614048159,0,8,0.6524340153345074,0.12136117756858755,1,33,333.9997651175807,240.67392544267665,CERTIFIED
19.938069172522233,1.4160288870482198,-35.20000000000002,0.0,-0.7,80.0,240.23002462666844,0.0,0.0,-9.103631143936445,0,8,0.20306699502224568,0.13212038901921974,1,32,296.58049154230235,215.68706867350775,CERTIFIED
27.17740074758337,2.339933150678026,-40.700000000000024,0.0,-2.8,80.0,297.66410079826517,0.0,0.0,-24.27176595259205,0,8,0.9688546773102025,0.1563657029642097,1,37,339.4096687439345,231.45532942852446,CERTIFIED
22.194076078305102,1.0979303441142785,-38.50000000000002,0.0,0.0,80.0,254.57380683887502,0.0,0.0,-6.846227421891243,0,8,0.7750739977045871,0.07334703987696223,1,35,312.5195858394032,220.32030526449694,CERTIFIED
18.699868018646246,1.5645227208969197,-27.50000000000001,0.0,0.0,80.0,260.6525385597046,0.0,0.0,-3.3115949069253965,0,8,0.47536718079606144,0.13805797517097185,1,25,330.1053343923224,260.05741825635295,CERTIFIED
23.329782895587513,2.0531871575619833,-34.100000000000016,0.0,-0.7,80.0,240.36355090418806,0.0,0.0,-18.09749786030082,0,8,0.20484734538917415,0.1227635482997963,1,31,292.84902309703676,214.63136258938246,CERTIFIED
20.83134959777293,2.5112351329648623,-30.800000000000015,0.0,-0.7,80.0,297.0601946911004,0.0,0.0,-10.359404754239652,0,8,0.9608025958813382,0.15304745188172264,1,28,358.5433746675985,272.6292189675502,CERTIFIED
20.01177920513491,2.1482063086349426,-35.20000000000002,0.0,0.0,80.0,238.21179725102834,0.0,0.0,-15.13195666253185,0,8,0.24327960209265342,0.09530143862114071,1,32,290.03982610226626,210.3058662771159,CERTIFIED
18.443882642385727,2.340779048032168,-33.000000000000014,0.0,0.0,80.0,226.53880418080828,0.0,0.0,-17.08238971943316,0,8,0.02051738907744416,0.13628580119989753,1,30,277.24107615179304,205.14718761053632,CERTIFIED
17.98166886132748,1.7552813219084178,-25.300000000000008,0.0,0.0,80.0,240.69275921516058,0.0,0.0,-17.85865714851582,0,8,0.20923678953547453,0.14229705598762932,1,23,297.27105224988065,237.73316245771537,CERTIFIED
21.754717037592737,0.51870949160929,-36.30000000000002,-5.0,0.0,90.0,232.791965552085,0.0,0.0,-16.327138153383107,1,9,0.10389287402780001,0.13508566667240596,1,33,287.43825392790393,206.35652125833448,CERTIFIED
17.763236836547264,0.21506247716731453,-30.800000000000015,0.0,0.0,80.0,229.4982412174084,0.0,0.0,-10.473273212722912,0,8,0.059976549565445514,0.14631919305028784,1,28,286.20326731840004,217.20168055544875,CERTIFIED
24.532205712513235,1.8043042195258434,-36.30000000000002,0.0,0.0,80.0,289.2131687152184,0.0,0.0,-19.773537472634608,0,8,0.8561755828695785,0.1446544984903968,1,33,339.47614117462285,243.19523322344028,CERTIFIED
18.7421795752628,2.0917343826273176,-25.300000000000008,0.0,0.0,80.0,265.2340644698865,0.0,0.0,-9.813265357740145,0,8,0.5364541929318196,0.12718643466229007,1,23,330.95471307003646,265.6290755173973,CERTIFIED
18.63222866918527,1.122375307679664,-29.700000000000014,0.0,0.0,80.0,238.2444613352104,0.0,0.0,-14.910809383407852,0,8,0.1765928178028051,0.11113071039250977,1,27,293.3882559286675,224.94527916698556,CERTIFIED
19.0227571899366,2.1498980793943656,-29.700000000000014,0.0,0.0,80.0,262.33951642966326,0.0,0.0,-2.335907705053377,0,8,0.5874617680488325,0.09372789157093409,1,27,331.47626399394085,255.70188477184507,CERTIFIED
17.421185460044892,1.0883376035633985,-26.40000000000001,0.0,0.0,80.0,243.06976129885288,0.0,0.0,-17.735706603489305,0,8,0.24093015065137202,0.1523342571732743,1,24,297.44357775897186,235.18673542091884,CERTIFIED
19.441124462116484,2.1057732076047952,-26.40000000000001,0.0,0.0,80.0,229.42317248746983,0.0,0.0,-19.442632021896,0,8,0.05897563316626453,0.147132793710249,1,24,285.1274381352951,225.49241780035908,CERTIFIED
17.698999643243262,0.9593494221711943,-30.800000000000015,0.0,0.0,80.0,188.97847982148423,0.0,0.0,-9.181441068037712,0,8,0.11597489241761205,0.05826167203081911,1,28,247.65538781886096,188.04839520542743,CERTIFIED
18.470346539677266,1.6162505151263586,-27.50000000000001,0.0,0.0,80.0,289.5018031632937,0.0,0.0,-17.31011211852082,0,8,0.8600240421772494,0.15203364093445226,1,25,344.7782880995765,269.8861837044412,CERTIFIED
19.73775097886364,2.274797942028883,-26.40000000000001,0.0,0.0,80.0,287.70141170789486,0.0,0.0,-10.436852872442707,0,8,0.8360188227719315,0.1424129299068848,1,24,352.8771077563446,280.1879533503105,CERTIFIED
20.456130516672808,2.6589394285611117,-28.600000000000012,0.0,0.0,80.0,295.8967768868163,0.0,0.0,-12.278562371640703,0,8,0.9452903584908844,0.23022651889414525,1,26,358.1332844604095,278.10486762661986,CERTIFIED
19.82864817090636,1.9164103597043294,-28.600000000000012,0.0,0.0,80.0,267.4252085808378,0.0,0.0,-3.981428028797738,0,8,0.5656694477445041,0.13842140972862327,1,26,336.5888390826508,262.2818954192839,CERTIFIED
21.788873885856425,4.202552241909655,-36.30000000000002,-10.0,0.0,100.0,229.31272004968574,0.0,0.0,-15.807067905310609,2,10,0.05750293399580986,0.13966315689203113,1,33,293.1970782721412,211.300151102894,CERTIFIED
16.956547358413744,1.6975986030167385,-30.800000000000015,0.0,0.0,80.0,271.45165551482654,0.0,0.0,-2.6720456569891815,0,8,0.6193554068643539,0.1709224236558352,1,28,336.6337558192679,256.3806536966784,CERTIFIED
19.62138974815474,2.362670814672701,-27.50000000000001,0.0,0.0,80.0,295.6477430496675,0.0,0.0,-2.706140076524846,0,8,0.9419699073289002,0.17381975259083482,1,25,367.4256635359701,289.60974066048453,CERTIFIED
20.121412651632742,2.6227334270071276,-28.600000000000012,0.0,0.0,80.0,294.7919132126483,0.0,0.0,-4.091311848503382,0,8,0.9305588428353108,0.14732297712968823,1,26,364.84474744278475,284.34595937358006,CERTIFIED
15.547915572962474,0.5755517964344324,-28.600000000000012,0.0,0.0,80.0,230.0069734971172,0.0,0.0,-5.571528637728155,0,8,0.0667596466282292,0.2180081575472087,1,26,291.95891222878595,226.89408044534247,CERTIFIED
23.98986486488915,1.1933230287344498,-39.60000000000002,-10.0,0.0,100.0,233.02422631164822,0.0,0.0,-15.342450424144914,2,10,0.10698968415530952,0.13021070114331268,1,36,293.2649637811269,204.5466971791673,CERTIFIED
23.631325322370262,1.2071397979442382,-35.20000000000002,0.0,-0.7,80.0,255.3068686548564,0.0,0.0,-9.265653901119551,0,8,0.40409158206475193,0.1790904621054148,1,32,314.9796798740513,229.29863583159715,CERTIFIED
18.695953823405272,2.609831106687394,-35.20000000000002,0.0,0.0,80.0,289.7939681527034,0.0,0.0,-9.364374699394116,0,8,0.8639195753693795,0.13415538743483657,1,32,346.53537838340196,251.83937130994138,CERTIFIED
19.065351161535116,2.738444930689755,-33.000000000000014,0.0,0.0,80.0,277.63737079626134,0.0,0.0,-4.456562126829902,0,8,0.7018316106168179,0.12208508948566776,1,30,341.9846047616563,254.82184637763322,CERTIFIED
36.12556819764204,3.2360447842360496,-53.90000000000004,0.0,-3.5,80.0,235.84164358814536,0.0,0.0,-33.66325697225672,0,8,0.43931328542104153,0.07936693736946276,1,49,264.1399995977667,154.09806628815028,CERTIFIED
16.932189028734705,2.219846444482428,-27.50000000000001,0.0,-0.7,80.0,290.19250338124243,0.0,0.0,-7.252278792768975,0,8,0.8692333784165656,0.1496127049085466,1,25,353.8922600616906,277.94399346333324,CERTIFIED
19.402297180318456,0.7201131740115617,-29.700000000000014,0.0,-0.7,80.0,259.4995583918225,0.0,0.0,-20.324415832647336,0,8,0.45999411189096717,0.1662891350912361,1,27,308.89755291350525,236.2032905610534,CERTIFIED
20.1841677719131,1.7730937705824412,-35.20000000000002,0.0,0.0,80.0,222.09691741639327,0.0,0.0,-11.733129645473491,0,8,0.8430032451989127,0.038280229091376516,1,32,277.12104931341537,200.88676359140317,CERTIFIED
25.26657860731014,2.331438969282468,-37.40000000000002,0.0,-1.4,80.0,281.65521369503045,0.0,0.0,-23.76106213081904,0,8,0.7554028492670726,0.15265353720224883,1,34,326.692169140804,230.71052043688545,CERTIFIED
17.86591786603123,1.2449823352249254,-31.900000000000016,0.0,0.0,80.0,226.88603993361778,0.0,0.0,-16.758739298576568,0,8,0.025147199114903485,0.12611699150494415,1,29,277.33820083629735,207.47560590759517,CERTIFIED
19.45838771998557,1.5838862690978535,-26.40000000000001,0.0,0.0,80.0,261.4304206520872,0.0,0.0,-4.384882594301317,0,8,0.48573894202782963,0.12767237966070066,1,24,331.6878120468693,264.22900624329606,CERTIFIED
23.34081769665537,2.1466013288240955,-41.800000000000026,0.0,0.0,80.0,279.61776257200574,0.0,0.0,-8.654281053446407,0,8,0.7282368342934098,0.1056179273003166,1,38,334.6509005440388,227.88811462407605,CERTIFIED
19.965018510986344,1.6802612267208907,-31.900000000000016,0.0,0.0,80.0,297.70715658586346,0.0,0.0,-4.4602767885332355,0,8,0.9694287544781794,0.18020011066413966,1,29,362.99215953503744,273.69580622485324,CERTIFIED
21.337700617398433,2.3263650649457417,-35.20000000000002,0.0,0.0,80.0,290.7360149396793,0.0,0.0,-16.32725702440359,0,8,0.8764801991957244,0.22421346604099124,1,32,342.8728235976199,248.59528819174852,CERTIFIED
19.9141932855274,1.1995526545252895,-30.800000000000015,0.0,0.0,80.0,236.50162681015107,0.0,0.0,-20.10023173122001,0,8,0.15335502413534718,0.15509336077026026,1,28,286.71514101898373,216.84777985047538,CERTIFIED
17.539085186814653,1.3922864242551096,-26.40000000000001,0.0,0.0,80.0,263.4451400759182,0.0,0.0,-6.742559218692353,0,8,0.5126018676789088,0.1632784001116807,1,24,329.23395246829557,261.6620080553365,CERTIFIED
19.014512609224635,1.5859172343223875,-33.000000000000014,0.0,0.0,80.0,267.0130147804716,0.0,0.0,-6.374459915326689,0,8,0.5601735304062881,0.14744917659995904,1,30,328.238984708692,244.4831464487769,CERTIFIED
21.76568078369027,1.3059200024070474,-34.100000000000016,0.0,0.0,80.0,233.613229298735,0.0,0.0,-12.16476469769071,0,8,0.1148430573164666,0.12818784976931086,1,31,290.4200653871416,213.64689301248285,CERTIFIED
23.51770753986844,1.7497984962955315,-39.60000000000002,0.0,0.0,80.0,248.63276875737083,0.0,0.0,-8.48479512071659,0,8,0.543006980502295,0.08404676220505214,1,36,305.8154796728182,212.99824499687705,CERTIFIED
18.02432312224681,0.2882869401591505,-27.50000000000001,0.0,0.0,80.0,233.08757047171702,0.0,0.0,-4.871387476335318,0,8,0.10783427295622672,0.16462276125547093,1,25,299.02879305778765,235.39927947820865,CERTIFIED
128.16773928729987,30.07832884677684,-182.59999999999945,-15.0,-9.1,120.0,236.33601516438085,0.0,0.0,-196.25217715868308,3,16,0.15114686885841122,0.10521148367942645,1,166,111.62990613977499,-47.84413654063211,CERTIFIED
20.420952986218754,1.8041725748548176,-31.900000000000016,0.0,-0.7,80.0,275.01577501164644,0.0,0.0,-7.200063574094209,0,8,0.6668770001552856,0.10266035920457872,1,29,337.4408369986258,254.0142398025126,CERTIFIED
21.431551470574227,2.241292407159264,-30.800000000000015,-5.0,0.0,90.0,284.09872400562654,0.0,0.0,-5.670274888974948,1,9,0.7879829867416873,0.13001290297553258,1,28,356.30129299438505,271.94325101156,CERTIFIED
20.22375752379997,2.565954689226733,-28.600000000000012,0.0,-1.4,80.0,293.65194570518935,0.0,0.0,-9.32310569769488,0,8,0.9153592760691911,0.13661158120681116,1,26,357.11855222052117,277.5614287328871,CERTIFIED
17.980824945047868,1.6751894524868216,-33.000000000000014,0.0,0.0,80.0,230.53375286687333,0.0,0.0,-16.19220403444825,0,8,0.07378337155831094,0.13046520086881974,1,30,280.9975632299598,208.0205925151069,CERTIFIED
20.09653001510878,3.82641091402197,-26.40000000000001,0.0,0.0,80.0,234.83417700454743,0.0,0.0,-16.17827067008455,0,8,0.13112236006063238,0.1223745577459554,1,24,296.1788472635936,234.939503930281,CERTIFIED
18.99853631266006,2.3626886451688454,-30.800000000000015,0.0,0.0,80.0,280.72319628559364,0.0,0.0,-7.732764896360395,0,8,0.7429759504745821,0.11515022604483116,1,28,343.55165634706213,261.25557859706925,CERTIFIED
17.223450438132968,2.8534963101028104,-24.200000000000006,0.0,0.0,80.0,255.2129180879237,0.0,0.0,-17.231599534207113,0,8,0.40283890783898246,0.20484173138510797,1,22,313.8582653019524,253.7034866674426,CERTIFIED
17.634873006386417,2.0199129518634154,-25.300000000000008,0.0,0.0,80.0,228.18614202087636,0.0,0.0,-17.5229256700316,0,8,0.04248189361168464,0.12503306592721652,1,23,285.0180023090946,227.948957032013,CERTIFIED
20.285769354491368,2.4864053766631273,-29.700000000000014,0.0,0.0,80.0,249.29148477798742,0.0,0.0,-21.518353219408255,0,8,0.3238864637064991,0.16348407936508236,1,27,300.8453062897337,230.09303716828998,CERTIFIED
20.533668862661887,2.0760430390944613,-29.700000000000014,0.0,0.0,80.0,296.8433625908959,0.0,0.0,-18.86688098915233,0,8,0.9579115012119448,0.12933078155269084,1,27,350.88619350349995,268.6025887396721,CERTIFIED
19.254353959028123,2.474847875417143,-30.800000000000015,0.0,0.0,80.0,297.8318240723519,0.0,0.0,-11.667170330976383,0,8,0.9710909876313584,0.18601522617432453,1,28,357.0938555758207,271.1606245040811,CERTIFIED
32.82120197746996,4.516799686822848,-50.60000000000004,-5.0,-1.4,120.0,288.3083601700306,0.0,0.0,-21.042617240015538,1,12,0.8441114689337414,0.10785739651279713,1,46,367.6037445943079,230.68469471334322,CERTIFIED
19.630000188777846,1.4938913401731355,-29.700000000000014,0.0,0.0,80.0,258.97420314801224,0.0,0.0,-5.886863185162564,0,8,0.4529893753068298,0.15984694653776765,1,27,324.5112314918007,249.86666229614775,CERTIFIED
17.130393857275113,1.1095565751076895,-27.50000000000001,0.0,0.0,80.0,244.73650936979377,0.0,0.0,-7.540194996364116,0,8,0.263153458263917,0.135718633195685,1,25,307.93626480581247,242.0220533436107,CERTIFIED
23.22235509166568,2.1775275646348664,-36.30000000000002,0.0,0.0,80.0,266.1194877414304,0.0,0.0,-8.469161406165542,0,8,0.5482598365524054,0.1055215401855627,1,33,326.75020899156544,235.40788905322276,CERTIFIED
18.104728194872976,1.6998195361339636,-25.300000000000008,0.0,0.0,80.0,231.61439955202542,0.0,0.0,-17.973474302991423,0,8,0.08819199402700584,0.12009813172234263,1,23,288.14547298004095,230.4294511927635,CERTIFIED
24.812086916832705,2.672566747761742,-36.30000000000002,-5.0,0.0,120.0,258.91729123911875,0.0,0.0,-4.933549479912894,1,13,0.45223054985491695,0.16218007337318463,1,33,360.16839542380035,264.45235878543815,CERTIFIED
18.576918954163315,2.2238244345184204,-25.300000000000008,0.0,0.0,80.0,262.0741193758076,0.0,0.0,-15.11888382348519,0,8,0.4943215916774345,0.13391089943999535,1,23,322.4559789410041,258.2004962631946,CERTIFIED
20.489865890934457,4.129988668888423,-27.50000000000001,0.0,0.0,80.0,238.35344597971255,0.0,0.0,-24.8442958130587,0,8,0.17804594639616733,0.13691953822958214,1,25,290.62900472647675,226.8039931972345,CERTIFIED
18.30048732284327,1.0313053609019256,-28.600000000000012,0.0,0.0,80.0,265.9702807207376,0.0,0.0,-17.52952014777901,0,8,0.5462704096098346,0.152399804361269,1,26,319.1725532567038,247.10969084025538,CERTIFIED
17.575418458990523,0.8369288604418529,-26.40000000000001,0.0,0.0,80.0,246.4396938957908,0.0,0.0,-11.564633400237003,0,8,0.28586258527721087,0.13449962182264574,1,24,306.8874078149861,243.52004190824772,CERTIFIED
17.58517796180552,3.0658263869361435,-26.40000000000001,0.0,0.0,80.0,283.925080684217,0.0,0.0,-2.829937192887928,0,8,0.7856677424562264,0.13175631375371843,1,24,355.34614784007067,282.8766728269804,CERTIFIED
20.253417042435817,3.096450306822078,-34.100000000000016,0.0,-1.4,80.0,289.23578092340694,0.0,0.0,-2.4939751513975787,0,8,0.8564770789787594,0.10925078188444626,1,31,354.5916731212672,261.6200690222873,CERTIFIED
21.921407639377716,2.3835790511442916,-34.100000000000016,0.0,0.0,80.0,294.52079381405724,0.0,0.0,-10.681846263704976,0,8,0.9269439175207632,0.11325540435083714,1,31,354.04393424087425,260.47299458868287,CERTIFIED
19.99728550861459,1.7788104289997084,-34.100000000000016,0.0,0.0,80.0,242.09450850624782,0.0,0.0,-6.8332932597514136,0,8,0.22792678008330414,0.12554900851162942,1,31,302.9373111841107,223.13379041048415,CERTIFIED
21.147768280391634,2.1496429501366117,-31.900000000000016,0.0,0.0,80.0,270.9804216824075,0.0,0.0,-17.173472895960696,0,8,0.613072289098767,0.14560384165448226,1,29,325.20436001697504,243.73583232794994,CERTIFIED
26.472513068969512,1.4270478934686808,-42.90000000000003,-15.0,0.0,120.0,254.02252063670213,0.0,0.0,-11.606553869666831,3,13,0.3869669418226951,0.17091950338275286,1,39,332.41552772947347,226.92390442621317,CERTIFIED
18.709297209146488,1.909588729627571,-31.900000000000016,0.0,0.0,80.0,290.7560136997214,0.0,0.0,-2.2823757087298358,0,8,0.8767468493296184,0.13214622400416742,1,29,357.19252392976557,269.3469996116321,CERTIFIED
20.229770579055845,2.3787318172171315,-29.700000000000014,0.0,0.0,80.0,264.2821167824188,0.0,0.0,-21.504427321692596,0,8,0.5237615570989179,0.13273883996489744,1,27,315.6861918569992,241.4136750947549,CERTIFIED
22.990175233669177,2.4433531803593236,-41.800000000000026,0.0,0.0,80.0,290.2661468148806,0.0,0.0,-10.408279089116812,0,8,0.8702152908650744,0.11382599613116318,1,38,343.49139613979224,233.4188293034228,CERTIFIED
26.740952567172457,0.7312378210948351,-41.800000000000026,-15.0,-0.7,120.0,259.05555562023005,0.0,0.0,-7.684761448457401,3,13,0.45407407493640084,0.19675898309616802,1,38,341.34298456003995,236.44930706251563,CERTIFIED
18.966604809687492,3.098325710999708,-25.300000000000008,0.0,0.0,80.0,296.52449145331803,0.0,0.0,-7.877718917012873,0,8,0.9536598860442407,0.1403818088261497,1,23,365.41170305699234,293.50609111406783,CERTIFIED
19.07444166886728,2.5074129604741504,-28.600000000000012,0.0,0.0,80.0,279.7059986459372,0.0,0.0,-2.5954494812363453,0,8,0.7294133152791629,0.11588120114729883,1,26,350.09240379404224,273.012590814417,CERTIFIED
18.51651779193347,3.047795710783376,-27.50000000000001,0.0,0.0,80.0,258.26949686745087,0.0,0.0,-5.390519020863199,0,8,0.7114840101323157,0.08124764970035869,1,25,326.9432913493045,257.4128000952897,CERTIFIED
20.774691868580025,2.3630284962755,-35.20000000000002,0.0,0.0,80.0,299.32603760121697,0.0,0.0,-16.497833400790984,0,8,0.9910138346828932,0.11676561035532962,1,32,350.76592456528147,254.37357450904727,CERTIFIED
22.517732005668204,1.6543586439166758,-36.30000000000002,0.0,0.0,80.0,248.23720897825754,0.0,0.0,-8.82941574177932,0,8,0.3098294530434341,0.10489809106838666,1,33,307.2798838860631,221.6176253166885,CERTIFIED
20.05996069460808,1.8429276180464604,-30.800000000000015,-5.0,0.0,100.0,248.93168204029837,0.0,0.0,-13.847626776644217,1,10,0.3190890938706451,0.1303511012026919,1,28,321.1869435763087,244.97160719601231,CERTIFIED
20.83296074298632,2.9653827415953757,-30.800000000000015,0.0,0.0,80.0,280.5895270460498,0.0,0.0,-16.05944098046195,0,8,0.7411936939473303,0.12739881876796666,1,28,337.52842955016956,255.90909202185148,CERTIFIED
18.70617317850057,1.7226704397551829,-34.100000000000016,0.0,-0.7,80.0,290.24572241446157,0.0,0.0,-13.629095775805114,0,8,0.8699429655261541,0.13171601172985326,1,31,342.2454702569122,251.03788239227242,CERTIFIED
25.65096717867997,2.2271898652241062,-40.700000000000024,-5.0,0.0,120.0,266.9424102354292,0.0,0.0,-3.9699531899780007,1,14,0.559232136472389,0.14060275988111703,1,37,365.1506140893552,257.43744188782296,CERTIFIED
22.181520612592738,1.713430024288216,-34.100000000000016,0.0,0.0,80.0,217.9320588259799,0.0,0.0,-8.361771703661988,0,8,0.39309147975245584,0.06588685132157601,1,31,279.36523775919886,205.7772458406438,CERTIFIED
19.515481405280454,2.194465736621758,-29.700000000000014,0.0,0.0,80.0,195.5190260657035,0.0,0.0,-7.605898574008916,0,8,0.5459417451418088,0.03426850216806332,1,27,259.9230746335968,199.99934540579352,CERTIFIED
17.852363336059106,0.8720205563632577,-31.900000000000016,0.0,0.0,80.0,225.27420068433494,0.0,0.0,-13.73742208004785,0,8,0.003656009124466064,0.14768006978237325,1,29,278.3611624967094,208.57146012203856,CERTIFIED
18.679333231294216,2.562660110534284,-34.100000000000016,0.0,0.0,80.0,296.77543800411013,0.0,0.0,-7.393825167034789,0,8,0.9570058400548018,0.12400224646796854,1,31,356.52360617890383,262.27330083691385,CERTIFIED
17.92595808479777,2.172970767614495,-24.200000000000006,0.0,0.0,80.0,248.2732461570324,0.0,0.0,-14.112904554416492,0,8,0.3103099487604317,0.12053252844539841,1,22,310.0592704550281,251.05546527285946,CERTIFIED
17.604278189355256,1.5190667681275614,-27.50000000000001,0.0,-0.7,80.0,220.41923349664785,0.0,0.0,-6.08685571364863,0,8,0.4434609158189141,0.06468235382288068,1,25,285.25572274048204,224.33856182830584,CERTIFIED
109.8889374697551,32.0265902803904,-148.49999999999963,-5.0,-2.0999999999999996,120.0,281.8743971860472,0.0,0.0,-66.74615630785712,1,13,0.758325295813963,0.17847826340531814,1,135,321.443768628336,67.24224288782966,CERTIFIED
20.642853426295336,2.71229720589883,-31.900000000000016,0.0,0.0,80.0,287.7831453020799,0.0,0.0,-8.344175113048268,0,8,0.8371086040277319,0.1406160399098897,1,29,350.8941208212258,264.03965875678523,CERTIFIED
20.14395798475832,2.8261114120245647,-27.50000000000001,0.0,0.0,80.0,298.61056932938766,0.0,0.0,-2.783913626347422,0,8,0.9814742577251685,0.14475726343259632,1,25,371.2967250998231,292.6682880991031,CERTIFIED
20.745567994348423,2.7787183986445534,-29.700000000000014,0.0,0.0,80.0,287.6477341721725,0.0,0.0,-14.267819514202266,0,8,0.8353031222956332,0.12154609083967216,1,27,347.2042010509632,266.4445976332243,CERTIFIED
19.009375115311077,2.3869689168930543,-28.600000000000012,0.0,0.0,80.0,251.79430714179608,0.0,0.0,-12.621666372521915,0,8,0.35725742855728093,0.23380192953734347,1,26,311.96898480147826,242.23312093597866,CERTIFIED
20.85173977109039,2.880211792683108,-36.30000000000002,0.0,-0.7,80.0,280.4563728622872,0.0,0.0,-10.197097373995675,0,8,0.7394183048304954,0.16342336603907592,1,33,336.991227052065,242.2509208313494,CERTIFIED
20.617951252353063,4.172015471055345,-36.30000000000002,0.0,-1.4,80.0,235.94690496457324,0.0,0.0,-23.367314965322553,0,8,0.14595873286097638,0.16572007651172238,1,33,279.6695567226591,199.4554290991405,CERTIFIED
18.787598529707633,1.8512962532216664,-31.900000000000016,0.0,0.0,80.0,269.29607805898695,0.0,0.0,-9.252924489419838,0,8,0.5906143741198258,0.1290646935632378,1,29,328.78204835249636,247.21029287015617,CERTIFIED
17.934186250213905,1.8612524250451041,-31.900000000000016,0.0,0.0,80.0,274.31136970532737,0.0,0.0,-4.381542776419314,0,8,0.7095890361606582,0.09635271252705946,1,29,337.825265604167,254.40544680877835,CERTIFIED
19.702496230452915,1.3792121939975086,-27.50000000000001,0.0,0.0,80.0,251.14242118366488,0.0,0.0,-10.216361531235432,0,8,0.34856561578219847,0.13728131639465369,1,25,314.50776807687987,247.09861183264348,CERTIFIED
23.88297746455159,1.511203222297014,-39.60000000000002,-5.0,0.0,110.0,247.24925262996078,0.0,0.0,-5.584838850388504,1,11,0.29665670173281045,0.11057276764570334,1,36,332.45859446642083,234.22154975667763,CERTIFIED
93.18160694722029,8.141357251201319,-120.99999999999976,0.0,-4.2,80.0,265.2272081006187,0.0,0.0,-53.370940249905374,0,8,0.5363627746749167,0.14622633306757649,1,110,267.9792320491352,70.41164922907964,CERTIFIED
20.121832839433363,1.6038704255214515,-33.000000000000014,0.0,0.0,80.0,234.50853943376947,0.0,0.0,-18.975858703389648,0,8,0.12678052578359267,0.1652210783760959,1,30,284.25838399533467,210.3679817295596,CERTIFIED
18.740738343175995,2.5303498594949683,-27.50000000000001,0.0,0.0,80.0,274.8192450812421,0.0,0.0,-12.536592710154698,0,8,0.6642566010832281,0.14015375623469195,1,25,336.0537405737584,263.6290239416705,CERTIFIED
18.89755089047088,2.430204821813061,-25.300000000000008,0.0,-0.7,80.0,234.8191728610572,0.0,0.0,-21.975534366598765,0,8,0.13092230481409628,0.17939976118206602,1,23,288.1713942067424,229.83771041757421,CERTIFIED
22.54783173399137,3.6454278776542526,-30.800000000000015,-10.0,0.0,110.0,229.3110481508035,0.0,0.0,-24.349313147739583,2,11,0.05748064201071279,0.1603579131858459,1,28,300.35499461470954,228.4153725702539,CERTIFIED
23.857825203790195,0.9077466392907189,-38.50000000000002,-10.0,-0.7,100.0,282.8268729494105,0.0,0.0,-22.64618302771069,2,10,0.7710249726588061,0.11625020204912984,1,35,335.74626176478074,235.5927202781637,CERTIFIED
79.87985438817049,10.483738525866876,-101.19999999999986,-5.0,0.0,90.0,289.1145192456364,0.0,0.0,-17.292105785964413,1,9,0.8548602566084854,0.11803189511461698,1,92,345.9860063737095,128.5267956068717,CERTIFIED
20.658997270677357,1.587111207238931,-36.30000000000002,0.0,-0.7,80.0,243.07736477488854,0.0,0.0,-14.0381386329482,0,8,0.76111989478419,0.06359381448833601,1,33,294.28533461985666,210.78350934038286,CERTIFIED
19.180428389526572,2.4559750299569565,-26.40000000000001,0.0,0.0,80.0,265.8602802727919,0.0,0.0,-5.6350358781082885,0,8,0.5448037369705585,0.1573277260609086,1,24,335.4616478141671,267.04454957101933,CERTIFIED
20.51897374647173,2.8422691896455023,-29.700000000000014,0.0,0.0,80.0,297.9786425016232,0.0,0.0,-3.579327064977331,0,8,0.973048566688309,0.17288474268826393,1,27,368.0605583727631,283.8874912955685,CERTIFIED
19.41725536359309,2.154821300404236,-26.40000000000001,0.0,-0.7,80.0,273.33997186487716,0.0,0.0,-12.267657101850917,0,8,0.6445329581983619,0.15451235975152233,1,24,335.5443914270235,266.21385783571964,CERTIFIED
21.651049879022075,2.0794634088970545,-29.700000000000014,0.0,0.0,80.0,283.58803630403565,0.0,0.0,-4.46480468758242,0,8,0.8435064078428124,0.09563671866810308,1,27,353.1537449043724,272.4637537293215,CERTIFIED
19.66252620381379,1.8296632647647277,-27.50000000000001,0.0,0.0,80.0,262.92432131024924,0.0,0.0,-4.0915148260902985,0,8,0.5056576174699902,0.13076663387600374,1,25,332.8249959527374,262.1579564327606,CERTIFIED
19.898654888439413,2.8052727812060767,-27.50000000000001,0.0,0.0,80.0,286.5120228991081,0.0,0.0,-2.8351865901626914,0,8,0.8201603053214416,0.22661358376330376,1,25,358.88076397859095,282.8581509925102,CERTIFIED
24.130919018958657,1.7934097644996232,-35.20000000000002,0.0,-1.4,80.0,280.96650627969166,0.0,0.0,-22.40115723794426,0,8,0.7462200837292219,0.12295608952415327,1,32,327.8896778252057,237.0670035782371,CERTIFIED
18.908236781277736,1.6641590546967724,-31.900000000000016,0.0,0.0,80.0,265.7537888174121,0.0,0.0,-20.408422553213146,0,8,0.5433838508988278,0.13122832295505038,1,29,314.0177621001734,234.8306457861085,CERTIFIED
22.724932761263815,2.525173792831282,-34.100000000000016,0.0,0.0,80.0,296.77544742924994,0.0,0.0,-18.15932623172673,0,8,0.9570059657233325,0.12536544762165158,1,31,349.7662277516183,256.3496771936101,CERTIFIED
17.863052552795864,1.4003709750562865,-24.200000000000006,0.0,0.0,80.0,239.69337010105303,0.0,0.0,-17.982997453178076,0,8,0.19591160134737373,0.11374655563954639,1,22,296.7737961757271,239.85807405821464,CERTIFIED
22.654117014204513,1.7169292783218288,-30.800000000000015,0.0,0.0,80.0,239.09112425241128,0.0,0.0,-9.912212891419372,0,8,0.18788165669881718,0.24307366178782752,1,28,302.74995765351827,230.4621816813607,CERTIFIED
21.330861979901222,1.9384249183146463,-28.600000000000012,0.0,0.0,80.0,258.1746094607242,0.0,0.0,-4.174345716901794,0,8,0.44232812614298933,0.1593890693535326,1,26,328.66955064203825,256.39945220160587,CERTIFIED
18.517583086957277,1.6512705031335517,-27.50000000000001,0.0,0.0,80.0,299.07483843181836,0.0,0.0,-8.695051402785737,0,8,0.987664512424245,0.12864262227151713,1,25,363.04864061912343,285.23624995071907,CERTIFIED
18.186591806937944,2.176367476266887,-27.50000000000001,0.0,0.0,80.0,243.70404758216537,0.0,0.0,-2.6691296657177768,0,8,0.2493873010955383,0.1452934997166474,1,25,313.89787719965244,247.33774060187852,CERTIFIED
17.148923355369188,1.4318463100758387,-26.40000000000001,0.0,0.0,80.0,255.60610405666876,0.0,0.0,-4.518830582434985,0,8,0.40808138742224986,0.16658077444665742,1,24,323.26804313967875,257.1882080007553,CERTIFIED
19.97409446424009,2.770860044652684,-27.50000000000001,0.0,0.0,80.0,279.1402222243065,0.0,0.0,-5.788623464942395,0,8,0.7218696296574201,0.12272536549683677,1,25,348.59655326825686,274.44704483602214,CERTIFIED
25.90734454413807,2.563479307940393,-37.40000000000002,0.0,0.0,80.0,270.90343858989746,0.0,0.0,-11.680384935938218,0,8,0.6120458478652994,0.1420551357455393,1,34,330.2938775060377,235.28459962421158,CERTIFIED
19.250989416268325,2.2515497276935394,-30.800000000000015,0.0,0.0,80.0,294.2995490576513,0.0,0.0,-11.340874788678704,0,8,0.9239939874353506,0.1565991806873236,1,28,353.66121341293444,268.56574445356324,CERTIFIED
23.4994461239941,1.6473816378516015,-36.30000000000002,0.0,-1.4,80.0,257.7454686763359,0.0,0.0,-24.72467831850922,0,8,0.43660624901781253,0.11291322080226407,1,33,300.4676181196724,214.38879486837877,CERTIFIED
17.170797618229958,1.1936771119804812,-31.900000000000016,0.0,0.0,80.0,228.96349843091798,0.0,0.0,-11.624864622190989,0,8,0.05284664574557296,0.13071725095541875,1,29,283.80310853893735,212.91827475661967,CERTIFIED
24.415514838534193,2.076924981328237,-35.20000000000002,0.0,-1.4,80.0,278.9421090719777,0.0,0.0,-9.981040122577285,0,8,0.7192281209597031,0.17558464852432676,1,32,338.8535087692628,246.66305654310597,CERTIFIED
20.842519771401875,2.239245663401153,-30.800000000000015,0.0,0.0,80.0,192.81821055071967,0.0,0.0,-7.776129254831527,0,8,0.45061275381682375,0.03842077041349401,1,28,257.3238467306912,195.90842734406186,CERTIFIED
102.62661543869348,34.66589763782514,-135.2999999999997,0.0,-0.7,80.0,239.99106991322807,0.0,0.0,-129.63424394047652,0,8,0.3054613648911454,0.09260936970996603,1,123,191.64933904927054,21.425499202995297,CERTIFIED
18.33536479350032,2.0076854089956537,-25.300000000000008,0.0,0.0,80.0,260.0207706156955,0.0,0.0,-18.992324899858648,0,8,0.46694360820927283,0.1496024236925041,1,23,316.0714959183328,252.68512851172733,CERTIFIED
22.954530627189584,1.2767615907469243,-36.30000000000002,0.0,-0.7,80.0,227.01875927126483,0.0,0.0,-10.608158468802046,0,8,0.026916790283531222,0.12815662824047724,1,33,283.64189302039927,204.19031327320155,CERTIFIED
18.321767008533605,1.60979688043404,-25.300000000000008,0.0,0.0,80.0,246.82907849760568,0.0,0.0,-10.744179674632683,0,8,0.2910543799680757,0.13215994833432954,1,23,310.7164627119406,249.38167969218094,CERTIFIED
19.033427662717035,1.7246380301373299,-27.50000000000001,0.0,0.0,80.0,261.99531969608347,0.0,0.0,-21.43773514472437,0,8,0.49327092928111316,0.14893268781090518,1,25,313.81565024421343,245.1744220056482,CERTIFIED
155.75493179182894,23.642213046233923,-219.99999999999926,-5.0,-2.8,40.0,0.0,0.0,0.0,-251.60483212799562,1,4,,,0,200,-260.007687289932,-77.88282857629606,touched (timeout)
161.32453536171735,73.19524377861121,-219.99999999999926,-10.0,-4.2,80.0,0.0,0.0,0.0,-212.79510440063183,2,8,,,0,200,-132.4753252603025,-34.9441614320642,touched (timeout)
52.27039486299336,12.86794722834969,-219.99999999999926,-10.0,-62.300000000000104,80.0,0.0,0.0,0.0,-45.007358838933406,2,8,,,0,200,-192.16901674758972,-49.85974192417556,touched (timeout)
72.988001653332,8.472245592780366,-219.99999999999926,-10.0,-68.60000000000012,60.0,0.0,0.0,0.0,-101.19926078406961,2,6,,,0,200,-258.33901353795665,-95.48866535331356,touched (timeout)
64.81308844897713,9.862435393749948,-219.99999999999926,-5.0,-74.90000000000015,10.0,0.0,0.0,0.0,-64.98537898441836,1,1,,,0,200,-280.2098551416907,-104.25932267007558,touched (timeout)
169.4354329196593,4.780294143267905,-219.99999999999926,-5.0,-4.2,30.0,0.0,0.0,0.0,-224.31711325269237,1,3,,,0,200,-249.30138618976443,-99.1380637413962,touched (timeout)
149.70613477190778,12.479833224664516,-219.99999999999926,-5.0,-12.599999999999996,10.0,0.0,0.0,0.0,-212.030989650923,1,1,,,0,200,-277.44502165435,-119.34783159916289,touched (timeout)
70.89589915200146,12.453901775141428,-219.99999999999926,-5.0,-47.600000000000044,10.0,0.0,0.0,0.0,-76.78821171493512,1,1,,,0,200,-256.0384107877915,-100.50548358572301,touched (timeout)
109.64713422100577,23.33434851831341,-219.99999999999926,-5.0,-51.10000000000006,10.0,0.0,0.0,0.0,-164.55433487438148,1,1,,,0,200,-297.67285213506165,-120.98980192215468,touched (timeout)
48.42087446958864,8.323658926107402,-219.99999999999926,-5.0,-58.80000000000009,40.0,0.0,0.0,0.0,-70.94365600750385,1,4,,,0,200,-257.99912261180714,-98.87874369983842,touched (timeout)
57.22032357396233,18.784366454131423,-219.99999999999926,-5.0,-64.4000000000001,30.0,0.0,0.0,0.0,-53.530917327309,1,3,,,0,200,-236.9262272992146,-86.5769087817402,touched (timeout)
174.12478616918855,16.609733777690046,-219.99999999999926,-5.0,-0.7,40.0,0.0,0.0,0.0,-249.71497114022415,1,4,,,0,200,-244.6804511933448,-94.80353144757945,touched (timeout)
178.98457353972654,9.64935103376583,-219.99999999999926,-5.0,-5.6000000000000005,30.0,0.0,0.0,0.0,-58.51307868651213,1,3,,,0,200,-70.479154113019,-31.76085406765856,touched (timeout)
159.2594894531897,78.51324714625436,-219.99999999999926,-5.0,0.0,10.0,0.0,0.0,0.0,-318.4538939934818,1,1,,,0,200,-295.68115739403703,-115.10256346250642,touched (timeout)
132.10954907812038,15.650968094632393,-219.99999999999926,-10.0,-18.199999999999992,70.0,0.0,0.0,0.0,-220.44042720480775,2,7,,,0,200,-250.87991003205423,-73.89499503492453,touched (timeout)
96.3288001301784,14.843791302150004,-219.99999999999926,-10.0,-48.30000000000005,110.0,0.0,0.0,0.0,-136.94198249776056,2,11,,,0,200,-194.06939106543146,-64.51027352990963,touched (timeout)
167.1084214218852,55.44723599423824,-219.99999999999926,-10.0,-2.0999999999999996,80.0,0.0,0.0,0.0,-86.18890253684353,2,8,,,0,200,-15.733245120719351,-17.398865311918012,touched (timeout)
26.181043299905102,6.333930480536847,-219.99999999999926,-10.0,-60.200000000000095,70.0,0.0,0.0,0.0,-30.050187501662563,2,7,,,0,200,-217.73521372121996,-76.88133438836786,touched (timeout)
177.9734245826174,11.426298173064028,-219.99999999999926,-10.0,-10.499999999999998,120.0,0.0,0.0,0.0,-125.33495186205877,2,12,,,0,200,-56.435229106376624,-34.554193947196055,touched (timeout)
41.38859347142217,3.1718775668085195,-219.99999999999926,0.0,-17.499999999999993,0.0,0.0,0.0,0.0,-61.903917969972184,0,0,,,0,200,-254.84344693174074,-117.0646143878273,never gripped (timeout)
22.17434292289798,0.9047958310332616,-219.99999999999926,0.0,-70.70000000000013,0.0,0.0,0.0,0.0,-32.50192746547924,0,0,,,0,200,-300.1227887115474,-136.20608625867766,never gripped (timeout)
79.12031094907015,18.94786005083119,-219.99999999999926,0.0,-56.00000000000008,0.0,0.0,0.0,0.0,-110.51277544988783,0,0,,,0,200,-288.44460444998583,-113.0261059847955,never gripped (timeout)
110.37706140047544,9.603609698293988,-219.99999999999926,0.0,-35.699999999999996,0.0,0.0,0.0,0.0,-97.80697354461618,0,0,,,0,200,-233.526302445846,-95.54907619586957,never gripped (timeout)
53.13592460551425,6.3565431153818555,-219.99999999999926,0.0,-67.20000000000012,0.0,0.0,0.0,0.0,-52.93089235768135,0,0,,,0,200,-280.63842463678463,-114.8325943240363,never gripped (timeout)
27.66263230513172,3.9013630613282455,-219.99999999999926,0.0,-72.80000000000014,0.0,0.0,0.0,0.0,-27.049923513198042,0,0,,,0,200,-288.2859281467375,-126.2890404885223,never gripped (timeout)
35.499319498523114,0.3744472912502873,-219.99999999999926,0.0,-59.50000000000009,0.0,0.0,0.0,0.0,-43.98431573334991,0,0,,,0,200,-287.61054894357585,-129.65712863395106,never gripped (timeout)
27.086064104470477,0.05855469007972425,-219.99999999999926,0.0,-58.80000000000009,0.0,0.0,0.0,0.0,-21.285109376947776,0,0,,,0,200,-272.94049058239693,-121.46611799613157,never gripped (timeout)
47.471559066841635,1.033695231798013,-219.99999999999926,0.0,-61.6000000000001,0.0,0.0,0.0,0.0,-65.20304543062686,0,0,,,0,200,-298.29779113198657,-131.4950825704572,never gripped (timeout)
89.64964888421044,11.362888610817315,-219.99999999999926,0.0,-53.90000000000007,0.0,0.0,0.0,0.0,-143.11396873596007,0,0,,,0,200,-316.00143124093165,-140.67083047987182,never gripped (timeout)
37.85381413257696,8.93779590293191,-219.99999999999926,0.0,-58.10000000000009,0.0,0.0,0.0,0.0,-27.868664000186037,0,0,,,0,200,-259.17705396467653,-103.9789532794006,never gripped (timeout)
165.58643699225865,2.3669404024142304,-219.99999999999926,0.0,-2.8,0.0,0.0,0.0,0.0,-45.3845949674433,0,0,,,0,200,-100.23121757276967,-51.77541606062704,never gripped (timeout)
164.33614068437043,88.51765425908131,-219.99999999999926,0.0,0.0,0.0,0.0,0.0,0.0,-50.09452953622509,0,0,,,0,200,-17.240734592772583,-12.914984557553666,never gripped (timeout)
37.13424091547187,2.2516948581106053,-219.99999999999926,0.0,-66.50000000000011,0.0,0.0,0.0,0.0,-18.512082866111268,0,0,,,0,200,-265.6261470925282,-104.94601090092338,never gripped (timeout)
132.772231213968,6.267641772339097,-219.99999999999926,0.0,-5.6000000000000005,0.0,0.0,0.0,0.0,-169.76338565043758,0,0,,,0,200,-256.32351266412974,-101.20219569169467,never gripped (timeout)
64.409269877404,6.641755264701228,-219.99999999999926,0.0,-70.70000000000013,0.0,0.0,0.0,0.0,-50.27363285530827,0,0,,,0,200,-269.9226077132024,-102.26067997681709,never gripped (timeout)
140.80723317923673,14.468219050542114,-219.99999999999926,-20.0,-16.099999999999994,80.0,0.0,0.0,0.0,-155.578553613918,4,8,,,0,200,-176.4031013841384,-67.99322442432202,"flicker (>=3 drops, timeout)"
177.5098126793217,6.811833750112889,-219.99999999999926,-35.0,-1.4,120.0,0.0,0.0,0.0,-276.0188475038351,7,14,,,0,200,-228.09720107439975,-91.35533369592225,"flicker (>=3 drops, timeout)"
162.3675640983049,36.44282413120988,-219.99999999999926,-20.0,-1.4,40.0,0.0,0.0,0.0,-158.44822999907137,4,4,,,0,200,-161.03784176955585,-71.18976416211389,"flicker (>=3 drops, timeout)"
139.55553004843924,18.427689791139674,-219.99999999999926,-15.0,-5.6000000000000005,100.0,0.0,0.0,0.0,-197.54795623431036,3,10,,,0,200,-180.1647363947307,-37.691218783286075,"flicker (>=3 drops, timeout)"
166.58621628801964,80.77471279431649,-219.99999999999926,-20.0,-4.2,120.0,0.0,0.0,0.0,-198.14575454134152,4,15,,,0,200,-74.98482545900463,2.312403796021151,"flicker (>=3 drops, timeout)"
75.01222531603383,18.400683010325942,-219.99999999999926,-25.0,-57.400000000000084,120.0,0.0,0.0,0.0,-84.45376541637229,5,12,,,0,200,-173.4408570900119,-33.890927640703076,"flicker (>=3 drops, timeout)"
55.42007155643469,6.587230087209107,-219.99999999999926,-20.0,-47.600000000000044,80.0,0.0,0.0,0.0,-34.89065439721364,4,8,,,0,200,-180.48335275356914,-60.58978976640318,"flicker (>=3 drops, timeout)"
