reach,grip_close,idle,drop,away,grasp_hold,success_bonus,partial_credit,align_shape,n_drops,n_grasped_steps,_align,_rise,_certified,_steps,_total,_disc,outcome
17.490261223538095,2.450018210327693,-9.600000000000003,0.0,0.0,80.0,150.0,0.0,0.0,0,8,0.9557201887087609,0.15640310144716374,1,24,240.3402794338658,193.49099430387446,CERTIFIED
17.546656098899646,3.090953486966085,-11.600000000000005,0.0,0.0,80.0,150.0,0.0,0.0,0,8,0.648575794473314,0.0899719208762606,1,29,239.03760958586574,182.74004391907167,CERTIFIED
18.248075688160384,2.3542296244420617,-10.800000000000004,0.0,0.0,80.0,150.0,0.0,0.0,0,8,0.9351372048174552,0.16422710490072912,1,27,239.80230531260244,187.24098441133367,CERTIFIED
19.454202374780735,3.5513786338632745,-11.200000000000005,0.0,0.0,80.0,150.0,0.0,0.0,0,8,0.3884383316585488,0.12397349224855603,1,28,241.805581008644,187.082307388017,CERTIFIED
16.996236307736055,2.4913867162775256,-10.000000000000004,0.0,0.0,80.0,150.0,0.0,0.0,0,8,0.8963807557629093,0.07365834402503102,1,25,239.48762302401357,190.73531524714468,CERTIFIED
18.20627015456946,3.0271905594533806,-8.800000000000002,0.0,0.0,80.0,150.0,0.0,0.0,0,8,0.356001549702601,0.13195399373067818,1,22,242.43346071402283,199.4591262484133,CERTIFIED
18.164555095070522,2.8151121443157674,-9.200000000000003,0.0,0.0,80.0,150.0,0.0,0.0,0,8,0.9188674011280057,0.24175068530117227,1,23,241.7796672393863,196.82073032146403,CERTIFIED
18.07019700880626,2.866152397547745,-11.600000000000005,0.0,-0.7,80.0,150.0,0.0,0.0,0,8,0.8000613238493051,0.11682346225815798,1,29,238.63634940635401,182.3736146916521,CERTIFIED
18.569885776200202,1.7160636883603892,-10.800000000000004,0.0,0.0,80.0,150.0,0.0,0.0,0,8,0.660471886158999,0.16721534077800626,1,27,239.48594946456058,187.0065913974602,CERTIFIED
22.82272722814873,4.956081339510199,-11.600000000000005,-5.0,0.0,120.0,150.0,0.0,0.0,1,12,0.5656876940953575,0.20900444978132016,1,29,281.1788085676589,219.00749805125477,CERTIFIED
36.007695808419946,7.463182743778238,-17.200000000000003,0.0,-0.7,80.0,150.0,0.0,0.0,0,8,0.1361852151423414,0.11305851304126446,1,43,255.57087855219822,172.56093884866607,CERTIFIED
16.597367793710312,1.6755450379608012,-9.200000000000003,0.0,0.0,80.0,150.0,0.0,0.0,0,8,0.16860207994778942,0.1850488561622391,1,23,239.0729128316711,194.36446342676027,CERTIFIED
33.81814636504434,4.535718321690513,-18.4,-15.0,0.0,160.0,150.0,0.0,0.0,3,16,0.9216654481193327,0.07757903452408044,1,46,314.95386468673485,210.32996361251418,CERTIFIED
16.680776638871848,1.4334014985616907,-11.200000000000005,0.0,0.0,80.0,150.0,0.0,0.0,0,8,0.25115350076715626,0.13601324990737185,1,28,236.91417813743354,182.79134746373023,CERTIFIED
19.38611355676222,2.745061577930705,-11.200000000000005,0.0,0.0,80.0,150.0,0.0,0.0,0,8,0.953771571499615,0.13661313966894006,1,28,240.9311751346929,186.39413374994015,CERTIFIED
17.263578017793087,2.2639820803197965,-9.200000000000003,0.0,0.0,80.0,150.0,0.0,0.0,0,8,0.735805097762082,0.10437473933783614,1,23,240.32756009811288,195.50319123715755,CERTIFIED
20.403737728471626,4.418036439687285,-10.000000000000004,0.0,-0.7,80.0,150.0,0.0,0.0,0,8,0.19555239427721172,0.19617947669385227,1,25,244.12177416815894,195.0795442944646,CERTIFIED
17.362979335858064,2.734507126006991,-8.400000000000002,0.0,0.0,80.0,150.0,0.0,0.0,0,8,0.9391874384431825,0.1095975057003985,1,21,241.69748646186505,200.76667173457662,CERTIFIED
17.757254741951897,2.302912255041282,-9.200000000000003,0.0,0.0,80.0,150.0,0.0,0.0,0,8,0.6536827361109323,0.26541962826977916,1,23,240.8601669969932,195.98461365095082,CERTIFIED
17.103646191044735,1.792700887144858,-10.400000000000004,0.0,0.0,80.0,150.0,0.0,0.0,0,8,0.726568588377621,0.10577673284063971,1,26,238.4963470781896,187.94161337500657,CERTIFIED
22.484003806552987,5.8310878656320835,-13.200000000000006,0.0,0.0,80.0,150.0,0.0,0.0,0,8,0.28055514615730537,0.18550963293919054,1,33,245.11509167218506,180.67035426387383,CERTIFIED
16.935621584439332,2.250851412909809,-11.200000000000005,0.0,0.0,80.0,150.0,0.0,0.0,0,8,0.7711453470138243,0.10132875865247926,1,28,237.98647299734913,183.67630713258475,CERTIFIED
19.947349341609232,2.578976465973868,-10.400000000000004,0.0,0.0,80.0,150.0,0.0,0.0,0,8,0.6121655314900547,0.1403999897069821,1,26,242.1263258075831,191.30657517061059,CERTIFIED
19.344641839835187,1.993198018340542,-11.600000000000005,0.0,0.0,80.0,150.0,0.0,0.0,0,8,0.1940239637967851,0.13837866185225034,1,29,239.73783985817573,183.45167261211162,CERTIFIED
23.454064263166305,4.418686887808938,-14.000000000000007,0.0,0.0,80.0,150.0,0.0,0.0,0,8,0.22861422830436218,0.24460863490791418,1,35,243.87275115097526,176.05692738361117,CERTIFIED
17.633694207891043,2.089517343303192,-8.800000000000002,0.0,0.0,80.0,150.0,0.0,0.0,0,8,0.39022481605709725,0.279508477029203,1,22,240.92321155119424,198.08939840598612,CERTIFIED
17.164646256961973,1.566033207918488,-10.400000000000004,0.0,0.0,80.0,150.0,0.0,0.0,0,8,0.2483203888702854,0.14140128252656203,1,26,238.33067946488046,187.82361765672124,CERTIFIED
18.397621915172465,2.819312988297788,-9.200000000000003,0.0,0.0,80.0,150.0,0.0,0.0,0,8,0.965303477286736,0.19388800660127292,1,23,242.01693490347026,197.01873136873118,CERTIFIED
18.806617355748628,2.05562795764159,-11.200000000000005,0.0,0.0,80.0,150.0,0.0,0.0,0,8,0.9263643715392655,0.11166116057955078,1,28,239.6622453133902,185.27368089721773,CERTIFIED
15.715708217147268,1.8582173648292601,-8.800000000000002,0.0,0.0,80.0,150.0,0.0,0.0,0,8,0.23966051341741879,0.07943453817923596,1,22,238.77392558197653,196.0151978681245,CERTIFIED
19.2146294668382,2.3635589099601106,-11.200000000000005,-5.0,-1.4,90.0,150.0,0.0,0.0,1,9,0.9306475505100436,0.17065075348746817,1,28,243.9781883767983,188.92594771922165,CERTIFIED
15.622909990059696,1.5507591056961545,-10.000000000000004,0.0,0.0,80.0,150.0,0.0,0.0,0,8,0.22511703249181436,0.09058133097479848,1,25,237.17366909575586,188.67116731117676,CERTIFIED
19.019764916075758,2.7652248340205428,-12.800000000000006,-5.0,0.0,90.0,150.0,0.0,0.0,1,9,0.04351025376223816,0.1283813961530843,1,32,243.9849897500963,181.25453651193857,CERTIFIED
17.50126989492271,2.0748855846660708,-10.400000000000004,0.0,0.0,80.0,150.0,0.0,0.0,0,8,0.9458081674546801,0.15667818753793927,1,26,239.17615547958877,188.59267001561665,CERTIFIED
19.506349574412223,2.8306568621308665,-10.000000000000004,0.0,0.0,80.0,150.0,0.0,0.0,0,8,0.8810745220920311,0.26039359596785394,1,25,242.3370064365431,193.411406719589,CERTIFIED
20.05208821956993,1.908192941189324,-10.000000000000004,-5.0,0.0,120.0,150.0,0.0,0.0,1,12,0.18260587228801528,0.16107500967074284,1,25,276.9602811607592,223.86335968740585,CERTIFIED
17.22571441694057,1.0742642737354045,-11.200000000000005,0.0,0.0,80.0,150.0,0.0,0.0,0,8,0.1665322617283307,0.0880072214134846,1,28,237.09997869067595,182.98703798496012,CERTIFIED
17.038214110357863,2.269703166187302,-9.600000000000003,0.0,0.0,80.0,150.0,0.0,0.0,0,8,0.25223367913153283,0.15196984956010795,1,24,239.70791727654517,193.00471384110546,CERTIFIED
18.400864975283834,2.854970147690104,-9.200000000000003,0.0,0.0,80.0,150.0,0.0,0.0,0,8,0.8260745367529593,0.12471921369250094,1,23,242.05583512297392,197.08743197625773,CERTIFIED
19.1189550937634,2.9148912058767817,-11.600000000000005,0.0,0.0,80.0,150.0,0.0,0.0,0,8,0.4762028410240513,0.10692924760283085,1,29,240.43384629964018,183.9433605676578,CERTIFIED
19.554398528775405,2.247071432626688,-11.200000000000005,0.0,0.0,80.0,150.0,0.0,0.0,0,8,0.3767272421569342,0.13762278546643614,1,28,240.60146996140207,186.12530377660846,CERTIFIED
18.841905975047403,2.8633830816766412,-9.200000000000003,0.0,0.0,80.0,150.0,0.0,0.0,0,8,0.7435472094928883,0.23990210596367656,1,23,242.50528905672405,197.51392243239246,CERTIFIED
14.502995490965013,1.4471432774199653,-9.600000000000003,0.0,0.0,80.0,150.0,0.0,0.0,0,8,0.12381971190342322,0.13810686258922977,1,24,236.350138768385,189.89704084712807,CERTIFIED
18.915303605437334,2.7289402410035812,-9.200000000000003,0.0,-0.7,80.0,150.0,0.0,0.0,0,8,0.7545702192355571,0.14635739254197044,1,23,241.74424384644095,196.9150799999366,CERTIFIED
19.265334969165163,3.6814765948416674,-9.600000000000003,0.0,-0.7,80.0,150.0,0.0,0.0,0,8,0.03240903036125675,0.18479399252308537,1,24,242.64681156400684,195.7079144521447,CERTIFIED
17.246212423175606,2.171475197562544,-9.600000000000003,0.0,0.0,80.0,150.0,0.0,0.0,0,8,0.2341011865352035,0.19840976116187303,1,24,239.81768762073816,193.0582426798078,CERTIFIED
17.518792718751357,2.361152929312938,-9.600000000000003,0.0,0.0,80.0,150.0,0.0,0.0,0,8,0.8408370956003794,0.1932118992426899,1,24,240.27994564806428,193.4854646182456,CERTIFIED
17.876896363302592,2.424578738464225,-9.200000000000003,0.0,0.0,80.0,150.0,0.0,0.0,0,8,0.6767468672607511,0.2170259022733264,1,23,241.10147510176682,196.19820732358772,CERTIFIED
19.02321692392916,3.0137647827564074,-11.200000000000005,0.0,0.0,80.0,150.0,0.0,0.0,0,8,0.28319729599608834,0.1297701614892185,1,28,240.83698170668555,186.25332874820933,CERTIFIED
20.046139463828826,3.3150858909342364,-12.000000000000005,0.0,0.0,80.0,150.0,0.0,0.0,0,8,0.2727874121489061,0.1459975256395064,1,30,241.36122535476306,182.99133008596547,CERTIFIED
20.216384911490117,2.150217752165304,-12.000000000000005,0.0,-0.7,80.0,150.0,0.0,0.0,0,8,0.5608973430792712,0.27766115778915024,1,30,239.66660266365542,181.53513426502397,CERTIFIED
18.089655814684555,2.1284864511933215,-10.000000000000004,0.0,0.0,80.0,150.0,0.0,0.0,0,8,0.6967522518145886,0.12556705318414796,1,25,240.21814226587787,191.51066707180465,CERTIFIED
17.761648889091813,2.49308946391062,-8.400000000000002,0.0,0.0,80.0,150.0,0.0,0.0,0,8,0.9741447112587205,0.16329996033354144,1,21,241.85473835300243,200.90582477697473,CERTIFIED
18.71467617853192,2.7598932082238745,-9.600000000000003,0.0,0.0,80.0,150.0,0.0,0.0,0,8,0.9544041662347731,0.17541797097631107,1,24,241.8745693867558,194.93449046460339,CERTIFIED
20.065654997522465,4.4824248869461,-10.000000000000004,0.0,0.0,80.0,150.0,0.0,0.0,0,8,0.026170035073148412,0.16198496568548537,1,25,244.54807988446856,195.46704622015648,CERTIFIED
17.210339766357805,2.481534995386066,-9.600000000000003,0.0,0.0,80.0,150.0,0.0,0.0,0,8,0.8229015890624933,0.07481938655376652,1,24,240.09187476174387,193.27412261734412,CERTIFIED
18.90852852085459,2.4196120848488394,-10.000000000000004,0.0,0.0,80.0,150.0,0.0,0.0,0,8,0.7303038460570868,0.14404772029028567,1,25,241.32814060570342,192.48919553777114,CERTIFIED
17.376911614704238,2.310341178205616,-9.600000000000003,0.0,0.0,80.0,150.0,0.0,0.0,0,8,0.7231630369300117,0.13650337018466874,1,24,240.08725279290985,193.28017441151536,CERTIFIED
15.609402986181745,1.8462502539003889,-8.000000000000002,0.0,-0.7,80.0,150.0,0.0,0.0,0,8,0.5583672523885456,0.1421792241618829,1,20,238.75565324008215,200.04586239153286,CERTIFIED
20.392316115372846,2.9521418416427245,-11.200000000000005,-5.0,-0.7,90.0,150.0,0.0,0.0,1,9,0.33668514287550255,0.15048156431291337,1,28,246.4444579570156,191.14549876929448,CERTIFIED
19.67498598201296,2.302488474598028,-11.200000000000005,0.0,0.0,80.0,150.0,0.0,0.0,0,8,0.5572933998617664,0.18252783578923304,1,28,240.77747445661097,186.3180094911365,CERTIFIED
16.09052421176349,1.8353093704261245,-9.200000000000003,0.0,0.0,80.0,150.0,0.0,0.0,0,8,0.8180849276089096,0.20003745292459651,1,23,238.72583358218964,193.98757750120808,CERTIFIED
15.578140567585658,1.5524637511438528,-8.000000000000002,0.0,0.0,80.0,150.0,0.0,0.0,0,8,0.5716465754360613,0.12282452818071787,1,20,239.13060431872952,200.42508227469702,CERTIFIED
17.26197453495845,2.633111669951433,-10.000000000000004,0.0,0.0,80.0,150.0,0.0,0.0,0,8,0.8693629824576129,0.18121908636885908,1,25,239.8950862049099,191.14941087414405,CERTIFIED
20.10056839279368,1.2248916570128212,-12.000000000000005,0.0,0.0,80.0,150.0,0.0,0.0,0,8,0.14644278168634506,0.266851126754461,1,30,239.3254600498065,181.34198402251704,CERTIFIED
18.33394428144408,1.6171364319577406,-10.400000000000004,0.0,0.0,80.0,150.0,0.0,0.0,0,8,0.9086995641062395,0.17081674947611136,1,26,239.55108071340183,188.95737092725477,CERTIFIED
17.559368529120285,1.6610058622130177,-8.400000000000002,0.0,0.0,80.0,150.0,0.0,0.0,0,8,0.3632480064345849,0.10805218700242047,1,21,240.8203743913333,200.02596913904932,CERTIFIED
18.246518527439513,1.1172880068170896,-11.200000000000005,0.0,0.0,80.0,150.0,0.0,0.0,0,8,0.14912901251176502,0.18350472476702617,1,28,238.1638065342566,183.96492591741253,CERTIFIED
17.008507415320775,1.5100676782389106,-10.800000000000004,0.0,0.0,80.0,150.0,0.0,0.0,0,8,0.3577422692438852,0.1309026822626781,1,27,237.71857509355968,185.3893062840094,CERTIFIED
19.867378394884465,3.0327701701862724,-10.800000000000004,0.0,0.0,80.0,150.0,0.0,0.0,0,8,0.5979198339395089,0.11861242882390544,1,27,242.10014856507073,189.28900776556623,CERTIFIED
16.183490383357583,1.3957310200624446,-8.400000000000002,0.0,0.0,80.0,150.0,0.0,0.0,0,8,0.5964999479084535,0.2023460829463345,1,21,239.17922140342003,198.49701391496154,CERTIFIED
22.334647052214486,5.477670336134419,-12.000000000000005,0.0,0.0,80.0,150.0,0.0,0.0,0,8,0.42627462725246734,0.1479627643463366,1,30,245.8123173883489,186.88100499116632,CERTIFIED
16.939024834530088,1.6387438165559742,-10.800000000000004,0.0,0.0,80.0,150.0,0.0,0.0,0,8,0.11996539730606759,0.1600156628928079,1,27,237.77776865108603,185.4123234961002,CERTIFIED
18.414819868590758,2.0208905131410617,-9.600000000000003,0.0,0.0,80.0,150.0,0.0,0.0,0,8,0.7448707612440879,0.26250169186842853,1,24,240.83571038173184,194.0515642898323,CERTIFIED
20.057413746102725,2.175648084380524,-13.600000000000007,-5.0,0.0,90.0,150.0,0.0,0.0,1,9,0.9620854488389985,0.09724458788156554,1,34,243.63306183048329,177.37546482601348,CERTIFIED
17.71991273562018,2.20788402508084,-10.400000000000004,0.0,-0.7,80.0,150.0,0.0,0.0,0,8,0.9887682308904946,0.07305747643823979,1,26,238.82779676070103,188.28616062918758,CERTIFIED
16.710472920923227,2.0533381564284614,-10.800000000000004,0.0,-0.7,80.0,150.0,0.0,0.0,0,8,0.5577705582402034,0.14565768561997983,1,27,237.2638110773517,184.99252576388656,CERTIFIED
17.01298154568805,1.8332383446359093,-10.000000000000004,0.0,0.0,80.0,150.0,0.0,0.0,0,8,0.8986495416461846,0.07314102931337796,1,25,238.84621989032397,190.21277376670002,CERTIFIED
16.8920438450291,1.1773295028223085,-10.400000000000004,0.0,0.0,80.0,150.0,0.0,0.0,0,8,0.30692799974900076,0.12239637004545678,1,26,237.6693733478514,187.26017737351663,CERTIFIED
18.424366240501556,2.5426864721228837,-10.800000000000004,0.0,0.0,80.0,150.0,0.0,0.0,0,8,0.8612918117866855,0.12660761228860096,1,27,240.1670527126244,187.56731084403023,CERTIFIED
16.14603277866123,2.3483246962876483,-8.400000000000002,0.0,0.0,80.0,150.0,0.0,0.0,0,8,0.938136614981225,0.13977175624216143,1,21,240.09435747494888,199.29954241484978,CERTIFIED
18.37686562444984,2.7160259309608312,-12.000000000000005,0.0,0.0,80.0,150.0,0.0,0.0,0,8,0.2379439460319389,0.07923118773900306,1,30,239.0928915554107,180.91863833381112,CERTIFIED
17.67412559126517,2.7532843105749745,-11.600000000000005,0.0,-0.7,80.0,150.0,0.0,0.0,0,8,0.5472308456531361,0.12054103734192967,1,29,238.12740990184017,181.938082000573,CERTIFIED
17.83852241904126,2.387001214557167,-11.600000000000005,0.0,0.0,80.0,150.0,0.0,0.0,0,8,0.9285016487878232,0.13515349306533797,1,29,238.62552363359842,182.40441447883666,CERTIFIED
17.447001573468107,2.3177886181789296,-8.800000000000002,0.0,0.0,80.0,150.0,0.0,0.0,0,8,0.6692056303639184,0.1155501528206575,1,22,240.964790191647,198.06561728804445,CERTIFIED
17.989709041330407,2.854537298667159,-9.200000000000003,0.0,0.0,80.0,150.0,0.0,0.0,0,8,0.5717015632986229,0.12029370639092651,1,23,241.64424633999755,196.68518538860226,CERTIFIED
19.941662275041384,2.7566920794411045,-10.800000000000004,0.0,0.0,80.0,150.0,0.0,0.0,0,8,0.8304250226087152,0.16682449978466496,1,27,241.89835435448248,189.09381583746773,CERTIFIED
19.194688682647705,3.4063434160361483,-9.600000000000003,0.0,0.0,80.0,150.0,0.0,0.0,0,8,0.8132238704696066,0.20134099449569653,1,24,243.00103209868385,195.9691743662787,CERTIFIED
17.678463455298928,3.395063577440128,-11.600000000000005,0.0,0.0,80.0,150.0,0.0,0.0,0,8,0.6906111090256646,0.06641794902237752,1,29,239.47352703273907,183.0263495915392,CERTIFIED
16.16257753904613,1.853539774483356,-9.200000000000003,0.0,0.0,80.0,150.0,0.0,0.0,0,8,0.8989112781966064,0.09954548675585928,1,23,238.8161173135295,194.0931595957067,CERTIFIED
17.04497193018434,1.2604606044925866,-9.200000000000003,0.0,0.0,80.0,150.0,0.0,0.0,0,8,0.38588682378529215,0.14943050381816791,1,23,239.10543253467694,194.45299234961678,CERTIFIED
16.589876325244816,2.079803669816433,-10.400000000000004,0.0,0.0,80.0,150.0,0.0,0.0,0,8,0.16189414732960983,0.14614330445257484,1,26,238.26967999506124,187.69786544901046,CERTIFIED
17.023843055815913,1.703312163235463,-8.800000000000002,-5.0,0.0,90.0,150.0,0.0,0.0,1,9,0.2681188141404126,0.22628107320239577,1,22,244.92715521905137,201.62248414111028,CERTIFIED
18.431467567686205,2.9139569751797945,-9.600000000000003,0.0,0.0,80.0,150.0,0.0,0.0,0,8,0.8198424230107535,0.12117397920304007,1,24,241.745424542866,194.87322599713835,CERTIFIED
18.340304858476593,2.083164596008337,-9.600000000000003,0.0,-0.7,80.0,150.0,0.0,0.0,0,8,0.4536843261619652,0.150776943458793,1,24,240.12346945448493,193.3990116694028,CERTIFIED
17.104104599130558,1.7540291029171147,-11.200000000000005,0.0,0.0,80.0,150.0,0.0,0.0,0,8,0.4010880637468941,0.12416105004996913,1,28,237.65813370204765,183.41361174445507,CERTIFIED
18.57435446180466,2.734927871004342,-10.400000000000004,0.0,-0.7,80.0,150.0,0.0,0.0,0,8,0.9720977843907538,0.13086909135974467,1,26,240.209282332809,189.53739537723493,CERTIFIED
17.326948175833643,2.600083170218756,-10.400000000000004,0.0,0.0,80.0,150.0,0.0,0.0,0,8,0.5400044100744493,0.05209546253549446,1,26,239.52703134605238,188.84708605679626,CERTIFIED
24.285133908355768,2.734258502010777,-13.200000000000006,-10.0,0.0,130.0,150.0,0.0,0.0,2,13,0.06049039063156614,0.13545127959376313,1,33,283.81939241036656,212.67014433717495,CERTIFIED
16.758360922240122,2.313151837899944,-8.400000000000002,0.0,0.0,80.0,150.0,0.0,0.0,0,8,0.03307227572970972,0.15741056731348302,1,21,240.67151276014008,199.83363826283284,CERTIFIED
19.099464343904742,3.237091155177936,-12.000000000000005,0.0,0.0,80.0,150.0,0.0,0.0,0,8,0.38596964480147067,0.08683634714112609,1,30,240.3365554990827,181.92135512317515,CERTIFIED
16.113933433341803,2.4704962860710733,-8.000000000000002,0.0,0.0,80.0,150.0,0.0,0.0,0,8,0.8004256947183945,0.20296886131194747,1,20,240.58442971941287,201.72122826216008,CERTIFIED
19.864545978576615,3.333189880482431,-10.000000000000004,0.0,0.0,80.0,150.0,0.0,0.0,0,8,0.005825386653396936,0.12240245571396369,1,25,243.19773585905904,194.20734690229813,CERTIFIED
15.805852680080461,0.6743399271173363,-8.800000000000002,0.0,0.0,80.0,150.0,0.0,0.0,0,8,0.28805858639786974,0.06917183170956187,1,22,237.6801926071978,195.15710859909152,CERTIFIED
16.646735949981156,1.693935380683981,-8.800000000000002,0.0,0.0,80.0,150.0,0.0,0.0,0,8,0.8300378879317861,0.149903603106886,1,22,239.54067133066513,196.81720049528474,CERTIFIED
16.799304524905104,1.2269249183000999,-11.600000000000005,0.0,0.0,80.0,150.0,0.0,0.0,0,8,0.4349981073195901,0.12951502057249442,1,29,236.42622944320522,180.47386695967222,CERTIFIED
18.858296446376958,1.934810251944653,-11.200000000000005,0.0,0.0,80.0,150.0,0.0,0.0,0,8,0.8928058604455985,0.25475929756822224,1,28,239.59310669832158,185.1800049407421,CERTIFIED
27.020673098970608,4.647461645958602,-14.400000000000007,-5.0,0.0,150.0,150.0,0.0,0.0,1,15,0.1410116681837621,0.12519436304396003,1,36,312.26813474492917,229.01472517892637,CERTIFIED
16.35161246748407,2.00816811795996,-9.600000000000003,0.0,0.0,80.0,150.0,0.0,0.0,0,8,0.15599807908605368,0.07353337982573205,1,24,238.75978058544402,192.07849055961736,CERTIFIED
16.73730339965232,1.8648472877759015,-8.800000000000002,0.0,0.0,80.0,150.0,0.0,0.0,0,8,0.33271572964192275,0.15725862097683585,1,22,239.8021506874282,197.03731664517434,CERTIFIED
18.44644682253429,2.1875243295927236,-11.200000000000005,0.0,0.0,80.0,150.0,0.0,0.0,0,8,0.29956066475958776,0.11155156296159674,1,28,239.433971152127,184.98268428512827,CERTIFIED
20.788853230804442,4.12151852950764,-11.600000000000005,0.0,0.0,80.0,150.0,0.0,0.0,0,8,0.4779998628527734,0.15585688428658429,1,29,243.31037176031208,186.57268951896327,CERTIFIED
20.60015619501369,3.937005489794421,-12.800000000000006,-5.0,0.0,100.0,150.0,0.0,0.0,1,10,0.8788479035179813,0.09406430471912663,1,32,256.7371616848081,191.65327535934824,CERTIFIED
16.899562090736588,2.17695998670767,-8.400000000000002,0.0,0.0,80.0,150.0,0.0,0.0,0,8,0.6374102645945843,0.26854520208670907,1,21,240.67652207744425,199.83419882602146,CERTIFIED
18.80585781660716,2.057886082530524,-11.200000000000005,0.0,0.0,80.0,150.0,0.0,0.0,0,8,0.8163468664709526,0.28752463079405277,1,28,239.66374389913767,185.28835780481515,CERTIFIED
18.513597665622395,2.380679408154854,-9.600000000000003,0.0,0.0,80.0,150.0,0.0,0.0,0,8,0.7410393138887849,0.1447951479232512,1,24,241.29427707377724,194.41642083772888,CERTIFIED
17.753122290900386,2.342458760836601,-10.400000000000004,0.0,0.0,80.0,150.0,0.0,0.0,0,8,0.3493311705610773,0.053181667145936085,1,26,239.69558105173698,189.02717350296874,CERTIFIED
17.30270085046467,2.488184860432364,-8.800000000000002,0.0,0.0,80.0,150.0,0.0,0.0,0,8,0.9270234291794834,0.1285169180543838,1,22,240.99088571089703,198.05833105061026,CERTIFIED
16.569577104772137,2.0869961396442887,-8.000000000000002,0.0,0.0,80.0,150.0,0.0,0.0,0,8,0.6943845021792909,0.09406035089044518,1,20,240.65657324441642,201.81976057424833,CERTIFIED
17.09491657096772,1.717551972489242,-10.000000000000004,0.0,0.0,80.0,150.0,0.0,0.0,0,8,0.12321395765886789,0.13306488625153168,1,25,238.81246854345696,190.1946497879333,CERTIFIED
17.569886801664367,2.1019868356346345,-11.600000000000005,0.0,-0.7,80.0,150.0,0.0,0.0,0,8,0.5186749117317975,0.15178945193526838,1,29,237.37187363729902,181.30553841563216,CERTIFIED
15.713480815408735,1.3229864024372464,-9.600000000000003,0.0,0.0,80.0,150.0,0.0,0.0,0,8,0.6275993590727119,0.12636270145566308,1,24,237.436467217846,190.90905931495348,CERTIFIED
16.77941247604796,1.4491149889735864,-10.800000000000004,0.0,0.0,80.0,150.0,0.0,0.0,0,8,0.05943156270181793,0.12407332247786418,1,27,237.42852746502155,185.10437647005787,CERTIFIED
21.723841035657742,3.092139246202575,-12.800000000000006,-5.0,0.0,90.0,150.0,0.0,0.0,1,9,0.9719285657518071,0.17083922221211245,1,32,247.01598028186032,183.94691470498518,CERTIFIED
18.675545730105643,2.233392377398798,-12.000000000000005,-5.0,0.0,90.0,150.0,0.0,0.0,1,9,0.03812119488366017,0.08111069188978226,1,30,243.90893810750447,184.9559387468055,CERTIFIED
18.426901131128684,2.8148788204422295,-10.000000000000004,0.0,0.0,80.0,150.0,0.0,0.0,0,8,0.3082122907585705,0.12846054130546103,1,25,241.24177995157092,192.4299413606658,CERTIFIED
16.161938731583657,1.797284427434186,-11.600000000000005,0.0,0.0,80.0,150.0,0.0,0.0,0,8,0.301867331238888,0.15716574459816524,1,29,236.35922315901783,180.3757940968375,CERTIFIED
19.259324715980476,2.615446634944576,-11.600000000000005,0.0,0.0,80.0,150.0,0.0,0.0,0,8,0.8016288287302047,0.12930193927835754,1,29,240.27477135092505,183.89331539746465,CERTIFIED
17.022547281590416,2.73151267397092,-9.600000000000003,0.0,0.0,80.0,150.0,0.0,0.0,0,8,0.7879433613427267,0.18232138818218824,1,24,240.15405995556134,193.28308351834914,CERTIFIED
68.28468755603139,8.52146249922624,-32.79999999999995,-75.0,-0.7,430.0,150.0,0.0,0.0,15,43,0.9717424034714516,0.12984626085730855,1,82,548.3061500552576,306.6409845367089,CERTIFIED
20.075563772051613,4.242802943698239,-12.800000000000006,0.0,0.0,80.0,150.0,0.0,0.0,0,8,0.8074533656696988,0.3180561325580632,1,32,241.51836671574983,179.3616187394557,CERTIFIED
15.47367793228674,1.3898479310395053,-9.600000000000003,0.0,0.0,80.0,150.0,0.0,0.0,0,8,0.2893372792793375,0.08525936894643493,1,24,237.26352586332624,190.71055199251467,CERTIFIED
19.982142293065404,3.362254840912069,-12.000000000000005,0.0,0.0,80.0,150.0,0.0,0.0,0,8,0.3497613354568446,0.049182533425891184,1,30,241.34439713397748,182.908902944509,CERTIFIED
19.100630548169356,1.8853322590651773,-11.200000000000005,0.0,0.0,80.0,150.0,0.0,0.0,0,8,0.5954145622943884,0.13536259063527167,1,28,239.7859628072345,185.4162767933113,CERTIFIED
39.455699137624066,13.397735170386678,-20.79999999999999,-20.0,-0.7,140.0,150.0,0.0,0.0,4,14,0.42817148735072563,0.04130738107226917,1,52,301.3534343080107,189.8907729279171,CERTIFIED
20.10297583676123,2.772775951283323,-10.400000000000004,0.0,0.0,80.0,150.0,0.0,0.0,0,8,0.7533437397924798,0.11201579455422761,1,26,242.47575178804456,191.58786473243487,CERTIFIED
17.581994978310604,2.1695169466625943,-10.000000000000004,0.0,0.0,80.0,150.0,0.0,0.0,0,8,0.7549939556962885,0.12770822959849482,1,25,239.75151192497322,191.05020805521363,CERTIFIED
18.45328039679611,2.2386962639281953,-10.800000000000004,0.0,-0.7,80.0,150.0,0.0,0.0,0,8,0.5165324168038135,0.16872350498246536,1,27,239.19197666072432,186.73938421695777,CERTIFIED
18.68542740485866,3.3627755195320534,-10.000000000000004,0.0,0.0,80.0,150.0,0.0,0.0,0,8,0.4823290754739712,0.12845920617104134,1,25,242.04820292439072,193.16126188905852,CERTIFIED
19.15467258389286,2.254798289455822,-12.000000000000005,0.0,0.0,80.0,150.0,0.0,0.0,0,8,0.4708172538643567,0.2256498156308998,1,30,239.40947087334868,181.30314024634333,CERTIFIED
18.530261885771182,2.7084780377078017,-11.600000000000005,0.0,0.0,80.0,150.0,0.0,0.0,0,8,0.02912920230786087,0.13345441838716732,1,29,239.638739923479,183.29132728598285,CERTIFIED
17.099362609891692,1.5768375781875779,-9.200000000000003,0.0,0.0,80.0,150.0,0.0,0.0,0,8,0.1541598002589536,0.14968277378493966,1,23,239.47620018807925,194.7616953216247,CERTIFIED
15.20012283315021,1.832844474626197,-9.200000000000003,0.0,0.0,80.0,150.0,0.0,0.0,0,8,0.9081577994568448,0.08926578606292601,1,23,237.8329673077764,193.1471381893647,CERTIFIED
17.099392958796848,2.471192935691737,-8.800000000000002,0.0,0.0,80.0,150.0,0.0,0.0,0,8,0.9702269808625844,0.11432361927218282,1,22,240.7705858944886,197.8592036455578,CERTIFIED
17.034258066812598,2.3994209970122804,-9.600000000000003,0.0,0.0,80.0,150.0,0.0,0.0,0,8,0.929393186540884,0.12912016862175657,1,24,239.8336790638249,193.01864601738302,CERTIFIED
17.156437271530194,1.1215485162286334,-10.000000000000004,0.0,0.0,80.0,150.0,0.0,0.0,0,8,0.1977056610498351,0.15549115643694644,1,25,238.27798578775884,189.78121255211406,CERTIFIED
16.851951157732792,1.4989393186884215,-10.800000000000004,0.0,0.0,80.0,150.0,0.0,0.0,0,8,0.08479464515219448,0.1774110409188172,1,27,237.55089047642122,185.24640670681353,CERTIFIED
17.047576618823733,1.7030515084330458,-8.800000000000002,0.0,0.0,80.0,150.0,0.0,0.0,0,8,0.384952223680579,0.14657005010776492,1,22,239.95062812725678,197.1785046327144,CERTIFIED
18.13774005252815,2.252186816660939,-9.600000000000003,0.0,-0.7,80.0,150.0,0.0,0.0,0,8,0.3167636569201938,0.2796024623116957,1,24,240.0899268691891,193.38918403822322,CERTIFIED
17.011151727324947,2.131054108545862,-8.800000000000002,0.0,0.0,80.0,150.0,0.0,0.0,0,8,0.5452806058024986,0.14712164387805493,1,22,240.3422058358708,197.51421582970795,CERTIFIED
19.486151687503327,2.717251595830721,-11.600000000000005,0.0,0.0,80.0,150.0,0.0,0.0,0,8,0.8940680479067964,0.08412928497002115,1,29,240.60340328333405,184.10505540297316,CERTIFIED
14.966418099691873,1.596356988407193,-8.000000000000002,0.0,0.0,80.0,150.0,0.0,0.0,0,8,0.47465134518789276,0.15016478064112215,1,20,238.56277508809907,199.84661629374037,CERTIFIED
17.46775222977765,2.4584328898589627,-10.400000000000004,0.0,0.0,80.0,150.0,0.0,0.0,0,8,0.47642762308420794,0.12614177129017634,1,26,239.5261851196366,188.89645543668144,CERTIFIED
17.975828433003276,2.4121064673969195,-9.600000000000003,0.0,0.0,80.0,150.0,0.0,0.0,0,8,0.9915419898462343,0.22164279094187067,1,24,240.7879349004002,193.93672585351413,CERTIFIED
17.07956979373938,2.0348480273453426,-10.000000000000004,0.0,0.0,80.0,150.0,0.0,0.0,0,8,0.42897720971467124,0.038073729881207496,1,25,239.11441782108471,190.41517963548736,CERTIFIED
27.245938003663344,4.586651767508846,-14.000000000000007,-5.0,0.0,150.0,150.0,0.0,0.0,1,15,0.9804182172105306,0.13241654120840762,1,35,312.8325897711722,231.80844776781635,CERTIFIED
17.773342922200015,1.8149597745142978,-9.200000000000003,0.0,0.0,80.0,150.0,0.0,0.0,0,8,0.07612940147158664,0.13442151391493418,1,23,240.38830269671433,195.6040370629869,CERTIFIED
16.7792371691396,1.4628966470758418,-10.400000000000004,0.0,0.0,80.0,150.0,0.0,0.0,0,8,0.6439277894019231,0.11621349709950823,1,26,237.84213381621544,187.3824880072254,CERTIFIED
17.98149068086513,2.335549343230233,-9.200000000000003,0.0,0.0,80.0,150.0,0.0,0.0,0,8,0.7710882083175945,0.17205378061415644,1,23,241.1170400240954,196.2499165137681,CERTIFIED
18.55908405165129,2.69053536859626,-10.400000000000004,0.0,-0.7,80.0,150.0,0.0,0.0,0,8,0.7245585165521535,0.14774435355917281,1,26,240.14961942024755,189.52529924008783,CERTIFIED
16.603381652564114,1.498631968396941,-9.600000000000003,0.0,0.0,80.0,150.0,0.0,0.0,0,8,0.1769104560069915,0.13425811913564212,1,24,238.50201362096107,191.91365232584303,CERTIFIED
19.22133797751999,3.192138920151465,-12.000000000000005,0.0,0.0,80.0,150.0,0.0,0.0,0,8,0.48453469954395345,0.11828271620062392,1,30,240.41347689767144,182.11659485096908,CERTIFIED
30.2888265549895,4.222149236403705,-15.600000000000009,-15.0,-0.7,170.0,150.0,0.0,0.0,3,17,0.10284713296776182,0.08011395797787069,1,39,323.2109757913932,231.8555483339672,CERTIFIED
16.84745346155232,2.2904878893086265,-10.400000000000004,0.0,0.0,80.0,150.0,0.0,0.0,0,8,0.8677343759940009,0.1402513162675132,1,26,238.73794135086095,188.17118213627384,CERTIFIED
23.03569047616145,3.208011331703182,-11.200000000000005,-5.0,0.0,130.0,150.0,0.0,0.0,1,13,0.36774408598764696,0.3161253215155264,1,28,290.04370180786464,228.73000395404915,CERTIFIED
19.620253946448248,2.9071528808150546,-10.400000000000004,-5.0,0.0,90.0,150.0,0.0,0.0,1,9,0.5622431038038542,0.1723812280822048,1,26,247.1274068272633,195.552215917742,CERTIFIED
17.737361011515404,1.9272886215984295,-11.200000000000005,0.0,-0.7,80.0,150.0,0.0,0.0,0,8,0.6184313355030826,0.11244573886903997,1,28,237.76464963311383,183.57068325993743,CERTIFIED
17.293294868892115,1.9395808381721678,-10.000000000000004,0.0,0.0,80.0,150.0,0.0,0.0,0,8,0.3156226800894747,0.11554408854487641,1,25,239.2328757070643,190.60819872115331,CERTIFIED
19.283158245203925,3.836526369545845,-11.200000000000005,0.0,0.0,80.0,150.0,0.0,0.0,0,8,0.1264183113557168,0.09727656061324175,1,28,241.91968461474974,187.1536330667468,CERTIFIED
19.557471742376148,2.928778110727431,-10.400000000000004,0.0,-0.7,80.0,150.0,0.0,0.0,0,8,0.7059490368385148,0.1875225719544873,1,26,241.38624985310358,190.6122531409972,CERTIFIED
16.065841027464902,1.1948526605845062,-9.200000000000003,0.0,0.0,80.0,150.0,0.0,0.0,0,8,0.024646937336588626,0.12466238717347167,1,23,238.0606936880494,193.42142924947848,CERTIFIED
17.46841117768081,2.1268107405370547,-12.000000000000005,0.0,0.0,80.0,150.0,0.0,0.0,0,8,0.29326679491266405,0.1108930551770343,1,30,237.59522191821787,179.6106604583125,CERTIFIED
17.181652620092382,2.309650138441283,-8.400000000000002,0.0,-1.4,80.0,150.0,0.0,0.0,0,8,0.9884532354195175,0.1256124428428319,1,21,239.69130275853365,198.91992518163948,CERTIFIED
17.228812071602047,2.073697995548594,-8.800000000000002,0.0,0.0,80.0,150.0,0.0,0.0,0,8,0.05267637775532796,0.1565570013605735,1,22,240.50251006715064,197.67794288063544,CERTIFIED
17.895982658546718,2.328310402179556,-10.800000000000004,0.0,0.0,80.0,150.0,0.0,0.0,0,8,0.3693151802471524,0.04380469134252962,1,27,239.42429306072626,186.87049440958,CERTIFIED
24.017277544315206,4.557941889089453,-12.000000000000005,0.0,0.0,80.0,150.0,0.0,0.0,0,8,0.5385306443613656,0.24898491002533818,1,30,246.57521943340464,187.801882891398,CERTIFIED
19.675382363027524,3.062781788159798,-9.600000000000003,0.0,-0.7,80.0,150.0,0.0,0.0,0,8,0.49506084164347197,0.2973441758599953,1,24,242.43816415118735,195.56810075832612,CERTIFIED
16.29606699827564,2.2310097172193983,-8.400000000000002,0.0,0.0,80.0,150.0,0.0,0.0,0,8,0.7615181885831012,0.15822095241020917,1,21,240.12707671549504,199.29020721909413,CERTIFIED
26.427127266818076,4.00821399266962,-14.400000000000007,-5.0,-2.0999999999999996,100.0,150.0,0.0,0.0,1,10,0.9027372050927156,0.06321632981694036,1,36,258.93534125948764,187.29454961615858,CERTIFIED
23.85875003687042,5.036327308781687,-11.600000000000005,0.0,-1.4,80.0,150.0,0.0,0.0,0,8,0.6387611970592793,0.04234281699796927,1,29,245.8950773456521,189.04177648128564,CERTIFIED
16.23674664296832,2.0399011793508874,-9.200000000000003,0.0,0.0,80.0,150.0,0.0,0.0,0,8,0.7306660612766658,0.07411316542180824,1,23,239.07664782231922,194.2982706687974,CERTIFIED
18.238325907610836,2.347866322076557,-9.200000000000003,0.0,0.0,80.0,150.0,0.0,0.0,0,8,0.42837000942574455,0.21076375482604914,1,23,241.38619222968737,196.4934196999448,CERTIFIED
15.84311247710375,1.1079785679232526,-9.200000000000003,0.0,0.0,80.0,150.0,0.0,0.0,0,8,0.3310235115136765,0.13243376462772027,1,23,237.751091045027,193.20992495284517,CERTIFIED
15.501036685693167,2.5118077969401167,-7.600000000000002,0.0,0.0,80.0,150.0,0.0,0.0,0,8,0.9338451598162744,0.11023007141920782,1,19,240.4128444826333,203.6246049268295,CERTIFIED
18.543993073540154,1.0699619781017689,-10.800000000000004,0.0,0.0,80.0,150.0,0.0,0.0,0,8,0.7588914228121616,0.1838497305505583,1,27,238.81395505164193,186.47879692159665,CERTIFIED
16.348381248143056,1.8768029292488335,-9.200000000000003,0.0,0.0,80.0,150.0,0.0,0.0,0,8,0.9946804768934233,0.08185664847057805,1,23,239.0251841773919,194.31530473447634,CERTIFIED
18.25457375931431,2.2304023203792562,-10.000000000000004,0.0,0.0,80.0,150.0,0.0,0.0,0,8,0.9876624915463771,0.1791142777257443,1,25,240.48497607969358,191.78190045211244,CERTIFIED
17.667564688471668,2.8269364777478794,-9.600000000000003,0.0,0.0,80.0,150.0,0.0,0.0,0,8,0.6826512121961799,0.12576473530157062,1,24,240.89450116621956,194.01671632106522,CERTIFIED
25.23322131961664,3.7886643766850323,-14.800000000000008,0.0,-1.4,80.0,150.0,0.0,0.0,0,8,0.037117351350710814,0.11042969489175614,1,37,242.82188569630162,171.70614930184422,CERTIFIED
16.59515466309951,1.7521039615716838,-9.200000000000003,0.0,0.0,80.0,150.0,0.0,0.0,0,8,0.8037247572425542,0.08776803320807214,1,23,239.14725862467122,194.40143574844964,CERTIFIED
17.4637270244809,2.053948230408337,-9.600000000000003,0.0,0.0,80.0,150.0,0.0,0.0,0,8,0.5881054688878423,0.12625958472469656,1,24,239.91767525488925,193.18895904403962,CERTIFIED
19.217703596875943,2.58889325373793,-12.000000000000005,0.0,0.0,80.0,150.0,0.0,0.0,0,8,0.7112815348707159,0.11738877383352186,1,30,239.80659685061386,181.52995843294548,CERTIFIED
16.744601862271892,1.878257181103073,-9.200000000000003,0.0,0.0,80.0,150.0,0.0,0.0,0,8,0.818453470838592,0.14028764532444526,1,23,239.42285904337496,194.65061800687843,CERTIFIED
15.570457381192213,2.23103552088083,-9.600000000000003,0.0,0.0,80.0,150.0,0.0,0.0,0,8,0.7935213466756671,0.13883526506392285,1,24,238.20149290207306,191.5561374938308,CERTIFIED
17.300764488960642,1.4912600449546671,-11.600000000000005,0.0,0.0,80.0,150.0,0.0,0.0,0,8,0.1347712957722098,0.1509369049025262,1,29,237.19202453391532,181.19578737067968,CERTIFIED
18.94838399202434,3.4240359431548635,-10.800000000000004,0.0,-0.7,80.0,150.0,0.0,0.0,0,8,0.3780107232672405,0.1298427992531539,1,27,240.8724199351792,188.24210461352334,CERTIFIED
18.710578559830914,2.743177036754166,-10.400000000000004,0.0,0.0,80.0,150.0,0.0,0.0,0,8,0.8209319189236535,0.12144231194964339,1,26,241.0537555965851,190.3196647683886,CERTIFIED
23.836602281065186,3.658608688541154,-15.200000000000008,0.0,-1.4,80.0,150.0,0.0,0.0,0,8,0.7654196450721906,0.11734715684956798,1,38,240.8952109696063,168.1885188952274,CERTIFIED
18.254784883520557,2.346911961716478,-10.800000000000004,0.0,0.0,80.0,150.0,0.0,0.0,0,8,0.7094039318226982,0.12654699693848204,1,27,239.80169684523702,187.23882888160142,CERTIFIED
16.21365628292112,1.5838178537203347,-9.200000000000003,0.0,0.0,80.0,150.0,0.0,0.0,0,8,0.4199203306242282,0.14466575413988536,1,23,238.59747413664144,193.92419496779496,CERTIFIED
15.808413403169219,1.7912144101420364,-8.000000000000002,0.0,-0.7,80.0,150.0,0.0,0.0,0,8,0.36535272186571777,0.10956911075780573,1,20,238.89962781331127,200.22374548109448,CERTIFIED
17.959690167596982,2.639595864604691,-11.200000000000005,0.0,0.0,80.0,150.0,0.0,0.0,0,8,0.6080243998712206,0.15634685095234724,1,28,239.39928603220167,185.00956182367003,CERTIFIED
17.950984107362753,1.7668607829026657,-9.200000000000003,0.0,0.0,80.0,150.0,0.0,0.0,0,8,0.053992630978952905,0.21684648803144102,1,23,240.5178448902654,195.72605943596116,CERTIFIED
16.51990908217427,1.9190286938880763,-9.600000000000003,0.0,0.0,80.0,150.0,0.0,0.0,0,8,0.8734234546926561,0.04910267413096525,1,24,238.83893777606235,192.1638171833855,CERTIFIED
16.929069178400482,1.6166259346472835,-8.400000000000002,0.0,0.0,80.0,150.0,0.0,0.0,0,8,0.06853926300159585,0.2062546965388321,1,21,240.14569511304776,199.37259984300596,CERTIFIED
16.11613749370302,1.6209425225013456,-8.800000000000002,0.0,0.0,80.0,150.0,0.0,0.0,0,8,0.21865710649851067,0.17543954038090026,1,22,238.93708001620436,196.24409900809428,CERTIFIED
16.47932122876581,1.777181684910439,-8.400000000000002,0.0,0.0,80.0,150.0,0.0,0.0,0,8,0.2473562497196118,0.17796837981052804,1,21,239.85650291367622,199.0678042233427,CERTIFIED
18.81518009955131,3.3986828798402287,-12.400000000000006,0.0,0.0,80.0,150.0,0.0,0.0,0,8,0.8075694216129603,0.1307683689954925,1,31,239.81386297939153,179.61465779535212,CERTIFIED
17.245101098118923,1.9284618029651819,-10.000000000000004,0.0,-0.7,80.0,150.0,0.0,0.0,0,8,0.7526859132620198,0.1347109588144434,1,25,238.4735629010841,189.97615665927,CERTIFIED
17.436029082007583,2.312835551697423,-10.400000000000004,0.0,0.0,80.0,150.0,0.0,0.0,0,8,0.07277078606849097,0.10645592904282408,1,26,239.348864633705,188.73467477109313,CERTIFIED
18.608430367479137,2.0392529254817555,-9.600000000000003,0.0,-0.7,80.0,150.0,0.0,0.0,0,8,0.8316029950098685,0.3071741996210431,1,24,240.3476832929609,193.6068190320259,CERTIFIED
17.414270323417053,2.557183395739962,-10.800000000000004,0.0,0.0,80.0,150.0,0.0,0.0,0,8,0.9530269139016133,0.13476006333454071,1,27,239.171453719157,186.6463100401194,CERTIFIED
16.718106856727033,1.8828575734080304,-9.200000000000003,0.0,0.0,80.0,150.0,0.0,0.0,0,8,0.7630057636451915,0.1046346091577105,1,23,239.40096443013505,194.6613084793074,CERTIFIED
15.583202648303983,1.9519321078172438,-8.800000000000002,0.0,0.0,80.0,150.0,0.0,0.0,0,8,0.3190001415190621,0.1510470564508274,1,22,238.73513475612123,196.00942042098555,CERTIFIED
19.80519182022282,1.3660118334093068,-13.200000000000006,0.0,0.0,80.0,150.0,0.0,0.0,0,8,0.4964964830567138,0.14588118803866634,1,33,237.9712036536321,174.604177786408,CERTIFIED
17.447379645320833,2.6521340333756944,-9.200000000000003,0.0,0.0,80.0,150.0,0.0,0.0,0,8,0.7030753105484041,0.1267679542436897,1,23,240.8995136786965,195.9928396154414,CERTIFIED
17.430483933230597,2.3421166551526804,-8.400000000000002,0.0,0.0,80.0,150.0,0.0,0.0,0,8,0.7047543795807798,0.21969253240469933,1,21,241.37260058838328,200.50308465133458,CERTIFIED
19.583357209655713,2.727731687142908,-10.800000000000004,0.0,0.0,80.0,150.0,0.0,0.0,0,8,0.6059760337994986,0.14753972565368623,1,27,241.5110888967986,188.8297392353136,CERTIFIED
16.90033242689874,2.154832055472994,-8.400000000000002,0.0,-0.7,80.0,150.0,0.0,0.0,0,8,0.7802866924305998,0.24027428416080587,1,21,239.95516448237174,199.12481171781462,CERTIFIED
18.166429871731214,2.1934163711562604,-12.000000000000005,0.0,-0.7,80.0,150.0,0.0,0.0,0,8,0.5474177079746438,0.12889072345404873,1,30,237.65984624288748,179.72993308155367,CERTIFIED
17.544620158134236,2.094325779290054,-12.000000000000005,0.0,-0.7,80.0,150.0,0.0,0.0,0,8,0.541751650951396,0.08291954720908146,1,30,236.9389459374243,179.09821534066924,CERTIFIED
18.484247169860748,2.602273637254315,-10.800000000000004,0.0,0.0,80.0,150.0,0.0,0.0,0,8,0.869154162482722,0.10251185560814002,1,27,240.28652080711504,187.66061494905637,CERTIFIED
19.827753215750942,2.934220062692177,-12.400000000000006,0.0,0.0,80.0,150.0,0.0,0.0,0,8,0.3210242134787664,0.12686795738396606,1,31,240.36197327844312,180.2961292253904,CERTIFIED
21.48049198101209,1.6490550811029416,-13.200000000000006,0.0,0.0,80.0,150.0,0.0,0.0,0,8,0.608388288204349,0.20128050669624953,1,33,239.929547062115,176.29742133611882,CERTIFIED
18.17711225786078,1.6647358555457576,-11.200000000000005,0.0,0.0,80.0,150.0,0.0,0.0,0,8,0.3734658969366743,0.22132152377454584,1,28,238.64184811340652,184.3471970773009,CERTIFIED
17.551531062595423,2.10586435233568,-11.200000000000005,0.0,-0.7,80.0,150.0,0.0,0.0,0,8,0.61419871895448,0.15903106023412095,1,28,237.7573954149311,183.52928688438547,CERTIFIED
19.28226327513957,3.590672508845423,-10.400000000000004,0.0,0.0,80.0,150.0,0.0,0.0,0,8,0.4513334357837835,0.3057289571191719,1,26,242.47293578398498,191.62594702223333,CERTIFIED
19.921092953995696,3.3430494177247314,-12.800000000000006,0.0,0.0,80.0,150.0,0.0,0.0,0,8,0.8099801632792943,0.09716980821461518,1,32,240.4641423717204,178.42010079649924,CERTIFIED
16.28665466335458,1.6407998643612305,-9.600000000000003,0.0,0.0,80.0,150.0,0.0,0.0,0,8,0.7457592190665618,0.15273324585379133,1,24,238.32745452771582,191.74544634205932,CERTIFIED
17.073837073006526,1.7152429293061342,-10.400000000000004,0.0,0.0,80.0,150.0,0.0,0.0,0,8,0.16597115947992436,0.1879115679612099,1,26,238.38908000231265,187.91218383649857,CERTIFIED
17.440097113563116,1.68390557140896,-9.600000000000003,0.0,0.0,80.0,150.0,0.0,0.0,0,8,0.1936252079421984,0.1386217064585673,1,24,239.5240026849721,192.855308440493,CERTIFIED
18.980222013424196,2.7004518018503263,-11.200000000000005,0.0,0.0,80.0,150.0,0.0,0.0,0,8,0.5048727446936419,0.11675393969495507,1,28,240.4806738152745,185.89161413414706,CERTIFIED
14.885606194133748,1.205543993741132,-7.600000000000002,0.0,0.0,80.0,150.0,0.0,0.0,0,8,0.19678011555167751,0.12920445144109782,1,19,238.4911501878749,201.86774754402018,CERTIFIED
19.21602167553071,3.5677883827251304,-11.200000000000005,0.0,0.0,80.0,150.0,0.0,0.0,0,8,0.0657846889485395,0.07761437571164487,1,28,241.5838100582558,186.8936104339133,CERTIFIED
16.256482569315367,2.305623024587731,-8.000000000000002,0.0,0.0,80.0,150.0,0.0,0.0,0,8,0.6006932628615207,0.11393013613792335,1,20,240.56210559390308,201.70405441006088,CERTIFIED
17.39319727392097,2.1466197331380603,-8.800000000000002,0.0,0.0,80.0,150.0,0.0,0.0,0,8,0.7611475938227389,0.1579261034284175,1,22,240.739817007059,197.92002606536454,CERTIFIED
17.934162051172507,2.773757481538301,-9.200000000000003,0.0,0.0,80.0,150.0,0.0,0.0,0,8,0.9560836473562394,0.16849571601864688,1,23,241.5079195327108,196.53453839152112,CERTIFIED
18.881598273558293,1.7515891406804078,-10.800000000000004,0.0,-0.7,80.0,150.0,0.0,0.0,0,8,0.6469945268557095,0.2370561655536615,1,27,239.1331874142387,186.71482036274458,CERTIFIED
18.411372711699588,1.9663945527057076,-10.400000000000004,0.0,0.0,80.0,150.0,0.0,0.0,0,8,0.514998912702098,0.1494877846201942,1,26,239.9777672644053,189.37561976119576,CERTIFIED
19.123342927849396,2.331689687081491,-11.200000000000005,0.0,0.0,80.0,150.0,0.0,0.0,0,8,0.6238584733192188,0.13480889785954298,1,28,240.25503261493085,185.72902742626212,CERTIFIED
18.175888228580945,2.5417333820955075,-11.200000000000005,0.0,0.0,80.0,150.0,0.0,0.0,0,8,0.7755103487966187,0.14614039637459508,1,28,239.51762161067643,185.06628535613973,CERTIFIED
20.52884130946573,2.6095573266114704,-12.000000000000005,0.0,0.0,80.0,150.0,0.0,0.0,0,8,0.6461438419332732,0.16756467343006043,1,30,241.1383986360772,182.7554425583303,CERTIFIED
19.1257251359654,2.716286046465086,-10.400000000000004,0.0,0.0,80.0,150.0,0.0,0.0,0,8,0.758140809357512,0.2059188890224033,1,26,241.4420111824305,190.67176065928203,CERTIFIED
17.137583471565602,2.2732466560898703,-10.000000000000004,0.0,0.0,80.0,150.0,0.0,0.0,0,8,0.9120800500018277,0.12156202246777525,1,25,239.41083012765546,190.68575760020826,CERTIFIED
17.98874384679115,1.4959895277557338,-9.600000000000003,0.0,0.0,80.0,150.0,0.0,0.0,0,8,0.06228253875133016,0.12062432741060392,1,24,239.88473337454687,193.18180522636493,CERTIFIED
17.409908697961566,1.7910278490894094,-11.200000000000005,0.0,0.0,80.0,150.0,0.0,0.0,0,8,0.721384228407071,0.1416676000722923,1,28,238.00093654705094,183.69758255885853,CERTIFIED
18.300108364000018,2.117025812353352,-10.000000000000004,0.0,0.0,80.0,150.0,0.0,0.0,0,8,0.9549474699556088,0.21046275396356195,1,25,240.4171341763534,191.66273162974556,CERTIFIED
21.219787142980714,3.229645893327285,-11.200000000000005,0.0,0.0,80.0,150.0,0.0,0.0,0,8,0.6631096422644818,0.13990962170263188,1,28,243.24943303630798,188.47109592506519,CERTIFIED
17.690531713037515,1.5387675449959344,-9.600000000000003,0.0,0.0,80.0,150.0,0.0,0.0,0,8,0.4112534017886743,0.168618482461952,1,24,239.62929925803346,192.96078102540133,CERTIFIED
19.118144792364504,2.810562720235548,-12.000000000000005,0.0,0.0,80.0,150.0,0.0,0.0,0,8,0.3603000985175526,0.10823213290502143,1,30,239.92870751260006,181.61367130348896,CERTIFIED
19.178394045992615,3.701259966053327,-12.000000000000005,0.0,0.0,80.0,150.0,0.0,0.0,0,8,0.20087808694759135,0.17452192658076537,1,30,240.87965401204593,182.497014394466,CERTIFIED
18.23214209100907,2.0272968794570128,-11.200000000000005,0.0,-0.7,80.0,150.0,0.0,0.0,0,8,0.1969542656043307,0.11670089479296131,1,28,238.35943897046607,184.08307402225537,CERTIFIED
17.067464947492297,2.6312951405310034,-9.600000000000003,0.0,0.0,80.0,150.0,0.0,0.0,0,8,0.3903862044566211,0.16962305857287374,1,24,240.0987600880233,193.27988277277788,CERTIFIED
19.86668763897103,2.939383690855508,-12.000000000000005,0.0,0.0,80.0,150.0,0.0,0.0,0,8,0.6320454381087743,0.16767779513862502,1,30,240.80607132982652,182.414942008385,CERTIFIED
18.156923864965695,1.472961286649189,-10.400000000000004,0.0,0.0,80.0,150.0,0.0,0.0,0,8,0.6798210414676356,0.12807447965379049,1,26,239.22988515161487,188.72520467034911,CERTIFIED
18.728686670383265,2.179778142437711,-10.000000000000004,0.0,0.0,80.0,150.0,0.0,0.0,0,8,0.5186687262497265,0.18678309348885513,1,25,240.90846481282097,192.15727302636594,CERTIFIED
15.802302245427864,1.559790825804809,-8.800000000000002,0.0,0.0,80.0,150.0,0.0,0.0,0,8,0.5455525903820437,0.12294440891018443,1,22,238.56209307123265,195.8847867769909,CERTIFIED
36.55322646522887,6.449576292017706,-19.199999999999996,-20.0,-0.7,190.0,150.0,0.0,0.0,4,19,0.2508712587760038,0.13184943744506428,1,48,343.1028027572466,227.09720576862225,CERTIFIED
19.77672847155226,2.8161235269043527,-10.400000000000004,0.0,0.0,80.0,150.0,0.0,0.0,0,8,0.4906316066119548,0.24243658283769987,1,26,242.1928519984566,191.34182073713643,CERTIFIED
16.588779919514618,1.9082047426866853,-8.400000000000002,0.0,0.0,80.0,150.0,0.0,0.0,0,8,0.08863365213579377,0.12047839065425203,1,21,240.0969846622013,199.2926086637057,CERTIFIED
18.668391532812567,2.1804940911654684,-11.200000000000005,0.0,0.0,80.0,150.0,0.0,0.0,0,8,0.7977306350336625,0.13628658148714656,1,28,239.64888562397803,185.20741269885752,CERTIFIED
16.547337809619215,1.2093112185078505,-10.400000000000004,0.0,0.0,80.0,150.0,0.0,0.0,0,8,0.021976298356818136,0.08018207338703376,1,26,237.35664902812707,186.96448431407717,CERTIFIED
16.381360430834288,2.0804906549392044,-10.000000000000004,0.0,0.0,80.0,150.0,0.0,0.0,0,8,0.5251542862759648,0.17709524053451475,1,25,238.4618510857735,189.82477885484462,CERTIFIED
74.16756505222513,19.552548999252686,-34.39999999999994,-20.0,-2.0999999999999996,180.0,150.0,0.0,0.0,4,18,0.841065719011915,0.15964648618870225,1,86,367.2201140514779,192.6006621828638,CERTIFIED
17.75962604261462,2.2709401004856558,-10.000000000000004,0.0,0.0,80.0,150.0,0.0,0.0,0,8,0.6906515076010543,0.12898515443712322,1,25,240.03056614310026,191.35023245493497,CERTIFIED
21.117162631598944,1.7824345414995189,-12.400000000000006,0.0,-0.7,80.0,150.0,0.0,0.0,0,8,0.7235162424346262,0.1507136339028312,1,31,239.79959717309848,179.8938717594694,CERTIFIED
16.80876436375068,2.3557767314759492,-9.200000000000003,0.0,0.0,80.0,150.0,0.0,0.0,0,8,0.9819331369665021,0.10596650997941093,1,23,239.96454109522665,195.12993897792916,CERTIFIED
17.234068178688005,2.3353143107669108,-8.800000000000002,0.0,0.0,80.0,150.0,0.0,0.0,0,8,0.5095579341142846,0.2080223079599144,1,22,240.7693824894549,197.90524916716197,CERTIFIED
18.552045345283222,2.6603614618046345,-10.400000000000004,0.0,0.0,80.0,150.0,0.0,0.0,0,8,0.9559596968181735,0.12166925986781796,1,26,240.81240680708785,190.0826566229662,CERTIFIED
18.505439695457778,2.0931398545789746,-9.200000000000003,0.0,0.0,80.0,150.0,0.0,0.0,0,8,0.37058184253598114,0.146176777703806,1,23,241.39857955003674,196.53901490676205,CERTIFIED
17.436216628543402,2.2079019021308017,-11.200000000000005,0.0,-0.7,80.0,150.0,0.0,0.0,0,8,0.44821117614660955,0.11410268752242836,1,28,237.7441185306742,183.48917525053898,CERTIFIED
18.408518776620998,2.0122125468224348,-9.600000000000003,0.0,0.0,80.0,150.0,0.0,0.0,0,8,0.46377641831677274,0.23171928123710384,1,24,240.82073132344343,194.0130487206988,CERTIFIED
18.589718619055862,2.3526676860707534,-10.800000000000004,0.0,0.0,80.0,150.0,0.0,0.0,0,8,0.6971656147346855,0.17388822826425,1,27,240.1423863051266,187.54646565846159,CERTIFIED
33.4359362016312,5.3771094298183195,-16.400000000000006,-5.0,-2.0999999999999996,130.0,150.0,0.0,0.0,1,13,0.5249040597691756,0.09676816340101368,1,41,295.31304563144954,209.38220124698069,CERTIFIED
19.788055467879136,2.874995101487412,-12.000000000000005,0.0,0.0,80.0,150.0,0.0,0.0,0,8,0.9918423667071294,0.16065835674419415,1,30,240.66305056936653,182.26650284567546,CERTIFIED
16.46173741501779,1.4357585160051922,-11.200000000000005,0.0,0.0,80.0,150.0,0.0,0.0,0,8,0.23248726370950468,0.07607377464709464,1,28,236.69749593102296,182.5833969194742,CERTIFIED
16.093678123811326,2.3317791047455456,-8.400000000000002,0.0,0.0,80.0,150.0,0.0,0.0,0,8,0.3344072532240848,0.15996149104224444,1,21,240.02545722855686,199.1841624536139,CERTIFIED
16.86888470084614,1.7958106275165489,-10.800000000000004,0.0,0.0,80.0,150.0,0.0,0.0,0,8,0.7689679061592377,0.11226540345444036,1,27,237.86469532836267,185.46604786204693,CERTIFIED
16.205470335031258,2.428748577368919,-8.800000000000002,0.0,0.0,80.0,150.0,0.0,0.0,0,8,0.9745576610888292,0.07296655900434923,1,22,239.83421891240016,197.0174839786378,CERTIFIED
17.363893943739555,2.5152165118840726,-9.600000000000003,0.0,0.0,80.0,150.0,0.0,0.0,0,8,0.3146676971462392,0.13881467015227744,1,24,240.27911045562362,193.47736839437064,CERTIFIED
18.478861113216986,2.7834771886331335,-8.800000000000002,0.0,0.0,80.0,150.0,0.0,0.0,0,8,0.9849874641816251,0.2746137554639352,1,22,242.4623383018501,199.45560247490047,CERTIFIED
18.00485822259173,2.5752697405451803,-11.600000000000005,0.0,0.0,80.0,150.0,0.0,0.0,0,8,0.8857867717319209,0.13266560478021416,1,29,238.9801279631369,182.75296410352948,CERTIFIED
18.538291442053048,3.0009968015954986,-10.400000000000004,0.0,0.0,80.0,150.0,0.0,0.0,0,8,0.5162049172892977,0.09260694571491013,1,26,241.13928824364854,190.3457617177561,CERTIFIED
18.450226307622582,2.901868798293782,-8.800000000000002,0.0,0.0,80.0,150.0,0.0,0.0,0,8,0.8893214376378605,0.1513481717424765,1,22,242.55209510591635,199.54815098467196,CERTIFIED
15.560025094945043,1.8941580525064918,-9.200000000000003,0.0,-0.7,80.0,150.0,0.0,0.0,0,8,0.5793404488604962,0.10820972367259074,1,23,237.55418314745157,192.96214473550506,CERTIFIED
14.278171750447067,1.5046509165207622,-8.800000000000002,0.0,0.0,80.0,150.0,0.0,0.0,0,8,0.038773495369947675,0.1528247403091294,1,22,236.98282266696782,194.3675778946353,CERTIFIED
21.830216947009685,3.364828704042331,-13.200000000000006,0.0,0.0,80.0,150.0,0.0,0.0,0,8,0.9122037251722424,0.11398473390291564,1,33,241.99504565105198,177.9316142129131,CERTIFIED
17.538155275950828,2.4598237544017927,-10.000000000000004,0.0,0.0,80.0,150.0,0.0,0.0,0,8,0.35562174685421977,0.1228392678589576,1,25,239.9979790303526,191.29971852397085,CERTIFIED
17.736806709958117,2.5024580018721556,-10.000000000000004,0.0,-0.7,80.0,150.0,0.0,0.0,0,8,0.8923252285590713,0.1752982306512203,1,25,239.5392647118303,190.8687290914009,CERTIFIED
18.72600209764073,1.7836054049563568,-10.800000000000004,0.0,0.0,80.0,150.0,0.0,0.0,0,8,0.08142020056570032,0.13463839553533463,1,27,239.70960750259707,187.23200418100174,CERTIFIED
18.45924244708484,2.7586110358469393,-10.000000000000004,0.0,0.0,80.0,0.0,0.20323093000109896,0.0,0,8,0.6992076649051366,0.005269556924161312,0,25,91.42108441293288,74.74954740489119,"slip (gripped, lift failed)"
17.6482230213298,1.6318605510502286,-10.400000000000004,0.0,-0.7,80.0,0.0,37.5,0.0,0,8,0.1608658863090221,0.1055560318429698,0,26,125.68008357238001,100.27822468666906,"slip (gripped, lift failed)"
16.93645531753968,2.8112614282801425,-9.600000000000003,0.0,-0.7,80.0,0.0,37.5,0.0,0,8,0.7964465318468149,0.05240400901913944,0,24,126.9477167458198,103.48825905923997,"slip (gripped, lift failed)"
18.307032654403713,2.4178544920752754,-9.200000000000003,0.0,-0.7,80.0,0.0,17.899588619070435,0.0,0,8,0.12114482591163223,0.023445446903418432,0,23,108.72447576554941,90.23285605163775,"slip (gripped, lift failed)"
21.769616553080496,3.2634390233564297,-14.000000000000007,0.0,-0.7,80.0,0.0,37.5,0.0,0,8,0.16202866190906717,0.037640789677955144,0,35,127.83305557643693,93.034016179813,"slip (gripped, lift failed)"
24.669434622552018,5.978812261207892,-13.200000000000006,0.0,-0.7,80.0,0.0,37.5,0.0,0,8,0.2507324495607368,0.033764220983913185,0,33,134.2482468837599,100.66571169507864,"slip (gripped, lift failed)"
18.494711542795617,3.2695959210151986,-9.200000000000003,-5.0,0.0,90.0,0.0,0.27971939414705943,0.0,1,9,0.5191011627170024,0.005861629422070247,0,23,97.84402685795787,82.04496150562994,"slip (gripped, lift failed)"
26.16457546342896,7.068118785246339,-16.400000000000006,-5.0,0.0,110.0,0.0,0.8766349893042187,0.0,1,11,0.058688784248976056,0.008577955042022745,0,41,122.70932923797952,86.97735653671415,"slip (gripped, lift failed)"
17.130211539485025,1.6265123992767105,-9.200000000000003,0.0,0.0,80.0,0.0,17.058912868584056,0.0,0,8,0.2561808869537445,0.02307249793556354,0,23,106.6156368073458,88.32238788569379,"slip (gripped, lift failed)"
25.186432720802877,4.581958898342267,-12.400000000000006,-5.0,-0.7,90.0,0.0,37.5,0.0,1,9,0.46317216964895347,0.060288682252674475,0,31,139.16839161914515,106.98187440242612,"slip (gripped, lift failed)"
19.16321644692811,3.7928542173145687,-9.600000000000003,0.0,0.0,80.0,0.0,6.892509706745931,0.0,0,8,0.6629171758829089,0.017057025325423747,0,24,100.24858037098859,82.7533957113906,"slip (gripped, lift failed)"
21.55494371470281,3.890421226021604,-14.800000000000008,0.0,0.0,80.0,0.0,0.6667287485257297,0.0,0,8,0.6052514282992633,0.007829978317055009,0,37,91.31209368925013,65.57600020082289,"slip (gripped, lift failed)"
20.931888983916682,4.024572223971758,-13.200000000000006,0.0,0.0,80.0,0.0,37.5,0.0,0,8,0.8962328636701777,0.3033858091021149,0,33,129.2564612078884,96.24435155731484,"slip (gripped, lift failed)"
19.06904656605703,4.461214889277908,-9.600000000000003,0.0,-0.7,80.0,0.0,37.5,0.0,0,8,0.5134753711646669,0.039576452451829724,0,24,130.73026145533495,106.828482412923,"slip (gripped, lift failed)"
28.204067556701453,4.770659352020852,-16.400000000000006,0.0,-0.7,80.0,0.0,0.036343440703910414,0.0,0,8,0.8156695407626975,0.0029688358040640406,0,41,95.91107034942621,67.0539920746417,"slip (gripped, lift failed)"
18.752656116402648,2.1172216309820966,-10.800000000000004,0.0,-0.7,80.0,0.0,8.07433890507048,0.0,0,8,0.4506814619867705,0.01798097167322077,0,27,97.44421665245521,77.69458394831692,"slip (gripped, lift failed)"
27.57415390148696,6.629275325001469,-16.400000000000006,-10.0,-0.7,150.0,0.0,1.3070892603596505,0.0,2,15,0.20715960135719214,0.00979969549053461,0,41,158.41051848684808,114.09746910047623,"slip (gripped, lift failed)"
18.429119813147807,3.618230991427086,-10.400000000000004,0.0,0.0,80.0,0.0,0.343467401084484,0.0,0,8,0.28209700264055815,0.0062768151658945115,0,26,91.99081820565937,74.42826414398459,"slip (gripped, lift failed)"
52.31422983916015,21.645134201797074,-27.599999999999966,-30.0,-0.7,220.0,0.0,0.008040619033449582,0.0,6,22,0.1649425390426157,0.0017955906172293368,0,69,235.66740465999072,142.1039545428213,"slip (gripped, lift failed)"
21.891575625023165,6.259137929095996,-11.600000000000005,-5.0,0.0,90.0,0.0,37.5,0.0,1,9,0.37579296912374627,0.033527496602680174,0,29,139.05071355411917,108.73868113015067,"slip (gripped, lift failed)"
29.33455200823547,8.645420860907599,-17.6,0.0,-1.4,80.0,0.0,0.4936907890979467,0.0,0,8,0.40707964443166644,0.007083738278133911,0,44,99.47366365824101,67.50280177227347,"slip (gripped, lift failed)"
25.537043448694345,5.489121171532987,-14.000000000000007,-5.0,-0.7,120.0,0.0,0.16847124325880106,0.0,1,12,0.9023741753558978,0.004950162157002391,0,35,131.49463586348614,99.56228444859038,"slip (gripped, lift failed)"
143.62308808499446,45.403289838446696,-67.19999999999987,-20.0,-1.4,200.0,0.0,0.0058268040411601635,0.0,4,20,0.27773341255146644,0.0016128264471707565,0,168,300.43220472748243,133.4468600387546,"slip (gripped, lift failed)"
20.28646702012093,4.3582439678655325,-12.000000000000005,0.0,0.0,80.0,0.0,27.205505955932768,0.0,0,8,0.4939570070714101,0.026956475044611405,0,30,119.85021694391924,92.34346590149916,"slip (gripped, lift failed)"
16.181064686339344,1.7209604846562099,-8.000000000000002,0.0,-0.7,80.0,0.0,9.281763063813282,0.0,0,8,0.25901333769514123,0.018835955603249133,0,20,98.48378823480884,84.2293419748116,"slip (gripped, lift failed)"
20.742458828211028,2.069358772251251,-12.800000000000006,0.0,0.0,80.0,0.0,0.08923472724500288,0.0,0,8,0.9994664875990276,0.004005180862111546,0,32,90.10105232770727,68.3693560685992,"slip (gripped, lift failed)"
33.19576769750249,12.246347764473837,-18.0,-5.0,-0.7,100.0,0.0,0.0,0.0,1,10,0.5883753973319001,0.0,0,45,121.74211546197633,84.9386990523651,"slip (gripped, lift failed)"
17.74723048422488,1.634655023993295,-10.800000000000004,0.0,0.0,80.0,0.0,0.12608863768625458,0.0,0,8,0.4368728252843368,0.004494376830311175,0,27,88.70797414590442,70.8018177822311,"slip (gripped, lift failed)"
30.00556871484665,7.528136454278865,-15.200000000000008,0.0,0.0,80.0,0.0,37.5,0.0,0,8,0.09728134485442175,0.1387101231758291,0,38,139.8337051691255,100.56515673531284,"slip (gripped, lift failed)"
19.705500188316442,3.3136951459667614,-12.400000000000006,0.0,0.0,80.0,0.0,3.142482395921473e-08,0.0,0,8,0.8378349482699075,2.8283628004777128e-05,0,31,90.61919536570802,69.4045771601176,"slip (gripped, lift failed)"
27.26963924037811,4.57165094684163,-16.000000000000007,0.0,-1.4,80.0,0.0,0.0,0.0,0,8,0.7459436869112757,0.0,0,40,94.44129018721972,66.50026610663754,"slip (gripped, lift failed)"
22.72448232767018,4.716824014154787,-12.800000000000006,0.0,0.0,80.0,0.0,7.708438843732417,0.0,0,8,0.3272919599351357,0.01770515130634165,0,32,102.34974518555738,78.01730158501154,"slip (gripped, lift failed)"
17.567527165029738,2.7599014663854176,-11.200000000000005,0.0,-0.7,80.0,0.0,7.748683361840328,0.0,0,8,0.764585005838426,0.017735909754766244,0,28,96.17611199325549,75.64077567781528,"slip (gripped, lift failed)"
25.73251438165342,5.968097022154069,-15.200000000000008,-5.0,0.0,110.0,0.0,37.5,0.0,1,11,0.46957628179789723,0.06020505265643694,0,38,159.00061140380748,114.4346710133646,"slip (gripped, lift failed)"
107.55145148864678,13.625089257699322,-61.599999999999845,-5.0,-6.300000000000001,120.0,0.0,1.2969449176777759,0.0,1,12,0.20895002130250817,0.009774277751300908,0,154,169.573485664024,74.27307952178673,"slip (gripped, lift failed)"
18.74239521993661,4.051451216509881,-9.200000000000003,0.0,0.0,80.0,0.0,14.701791175637096,0.0,0,8,0.37054789723236814,0.02195672598708165,0,23,108.2956376120836,90.04570376804335,"slip (gripped, lift failed)"
16.8650137744793,2.0172476841101346,-12.000000000000005,0.0,0.0,80.0,0.0,6.188810776401989,0.0,0,8,0.7270760666409937,0.016455581491219062,0,30,93.07107223499143,71.52783863647248,"slip (gripped, lift failed)"
27.792688946009825,5.256879675341626,-16.000000000000007,-10.0,0.0,100.0,0.0,11.193212334751026,0.0,2,10,0.8206689196202009,0.02004913989881818,0,40,118.24278095610248,83.86524711791378,"slip (gripped, lift failed)"
22.063503948329966,3.6733162602430074,-14.000000000000007,0.0,0.0,80.0,0.0,0.06264610777209421,0.0,0,8,0.9214768073301116,0.003559662826184029,0,35,91.79946631634505,67.6522301811231,"slip (gripped, lift failed)"
17.686639177503167,2.240510779172856,-12.400000000000006,0.0,-0.7,80.0,0.0,37.39979854931035,0.0,0,8,0.17580357427676552,0.029973255778454666,0,31,124.22694850598636,93.84403401326497,"slip (gripped, lift failed)"
17.7187746869661,1.9831797786438947,-8.800000000000002,0.0,0.0,80.0,0.0,1.939857787751836,0.0,0,8,0.32822719020190017,0.011178086423314193,0,22,92.84181225336182,78.26807340046493,"slip (gripped, lift failed)"
21.9028314279781,2.947667837884155,-14.400000000000007,0.0,-0.7,80.0,0.0,0.01288183393591912,0.0,0,8,0.0795074545261586,0.002101051660239328,0,36,89.76338109979817,65.21230980051634,"slip (gripped, lift failed)"
21.2545620713074,3.7871510918358937,-10.800000000000004,0.0,0.0,80.0,0.0,29.76416758338508,0.0,0,8,0.46636968436951187,0.02777636513181536,0,27,124.00588074652836,98.72144897906945,"slip (gripped, lift failed)"
25.12319843823054,5.720901318336091,-13.600000000000007,-5.0,-1.4,130.0,0.0,26.849999423818492,0.0,1,13,0.9107278726627086,0.026838542405660304,0,34,167.69409918038514,127.43719606154386,"slip (gripped, lift failed)"
23.284406041070575,4.830318157484896,-14.400000000000007,-5.0,0.0,90.0,0.0,12.904670479453822,0.0,1,9,0.10911084424228268,0.02102292488547619,0,36,111.61939467800929,81.5511733819956,"slip (gripped, lift failed)"
19.53186357881555,3.0308028939304865,-12.800000000000006,0.0,0.0,80.0,0.0,5.75518003171686,0.0,0,8,0.8950073800190176,0.01606190809915986,0,32,95.51784650446288,72.30266772747957,"slip (gripped, lift failed)"
18.333899911787537,2.7625360745668606,-10.800000000000004,0.0,-0.7,80.0,0.0,7.718357883260001,0.0,0,8,0.5851611375341488,0.017712742243405133,0,27,97.31479386961438,77.51904754480215,"slip (gripped, lift failed)"
19.805017336480642,2.1494827606969356,-11.200000000000005,-5.0,0.0,100.0,0.0,0.0,0.0,1,10,0.33010225023073125,0.0,0,28,105.75450009717757,84.56564626294963,"slip (gripped, lift failed)"
17.183791859183092,2.4441844431649558,-8.800000000000002,0.0,0.0,80.0,0.0,0.00020701994094111026,0.0,0,8,0.739951133309092,0.0005302103798450197,0,22,90.828183322289,76.58185307896686,"slip (gripped, lift failed)"
69.05652822413379,16.889874479173905,-33.199999999999946,-25.0,-0.7,170.0,0.0,37.5,0.0,5,17,0.9432079020249312,0.036970566834644725,0,83,234.54640270330776,119.1044054915363,"slip (gripped, lift failed)"
15.66804904962813,1.8059231383119874,-8.400000000000002,0.0,0.0,80.0,0.0,0.7708664851138793,0.0,0,8,0.4121460850938976,0.008218083575165513,0,21,89.844838673054,76.27468110390436,"slip (gripped, lift failed)"
19.4548977750567,2.662989020362427,-11.200000000000005,0.0,-0.7,80.0,0.0,0.4643935618673412,0.0,0,8,0.6646043154455994,0.0069407472373254064,0,28,90.68228035728646,71.85990043353219,"slip (gripped, lift failed)"
19.49183904444373,3.3352026724046544,-12.000000000000005,0.0,0.0,80.0,0.0,1.1325714316724078,0.0,0,8,0.6312690207713612,0.009342562954922307,0,30,91.95961314852079,71.24268056331076,"slip (gripped, lift failed)"
28.057412156697957,8.899505559365036,-17.6,-5.0,-0.7,150.0,0.0,0.0,0.0,1,15,0.2966360588531207,0.0,0,44,163.65691771606302,114.52650175993419,"slip (gripped, lift failed)"
26.657743307987406,7.6589440492047345,-14.000000000000007,-10.0,-1.4,100.0,0.0,0.005413123405442431,0.0,2,10,0.7758937913197796,0.0015737176227503813,0,35,108.92210048059758,82.08462041969581,"slip (gripped, lift failed)"
159.61004115975473,20.97052645065198,-79.20000000000005,-20.0,-0.7,200.0,0.0,0.05937363393722029,0.0,4,20,0.9568575410567531,0.003496568512560305,0,198,280.7399412443439,99.49317957209718,"slip (gripped, lift failed)"
22.400290024713527,5.43600151408396,-12.400000000000006,-5.0,-0.7,110.0,0.0,0.015543119111929118,0.0,1,11,0.22216586976316788,0.0022367814746815373,0,31,119.75183465790941,93.68252885494965,"slip (gripped, lift failed)"
29.728101284908995,7.221075380973932,-18.4,0.0,-1.4,80.0,0.0,8.485705503034742,0.0,0,8,0.9451174022184817,0.01828128912819682,0,46,105.63488216891767,69.81308572849264,"slip (gripped, lift failed)"
20.119785393501697,3.4614798785892105,-12.000000000000005,0.0,0.0,80.0,0.0,37.5,0.0,0,8,0.7279194000441133,0.06775662199321653,0,30,129.0812652720909,99.1318063154703,"slip (gripped, lift failed)"
59.63955193615583,15.000289511723855,-31.199999999999953,-5.0,-4.2,140.0,0.0,0.02191641982673687,0.0,1,14,0.9629101973531091,0.0025082300646964706,0,78,174.26175786770648,101.72937095902974,"slip (gripped, lift failed)"
18.974971942619096,1.6806955996042627,-12.400000000000006,0.0,-0.7,80.0,0.0,37.5,0.0,0,8,0.3410953745959906,0.04909654554396503,0,31,125.05566754222333,94.65939464834128,"slip (gripped, lift failed)"
20.236671538528526,3.7547831298260377,-12.000000000000005,0.0,0.0,80.0,0.0,3.2084298046039446,0.0,0,8,0.5237617079354246,0.013219296577053341,0,30,95.1998844729585,73.84886485076234,"slip (gripped, lift failed)"
25.062225579865594,4.505382251367176,-14.800000000000008,-5.0,-0.7,140.0,0.0,11.191959968516935,0.0,1,14,0.3719285643634369,0.020048392130093573,0,37,160.2595677997497,118.98305310321372,"slip (gripped, lift failed)"
21.819565107369502,5.202089596676493,-14.000000000000007,-5.0,-0.7,90.0,0.0,0.0,0.0,1,9,0.03479009831924784,0.0,0,35,97.321654704046,71.94021818563702,"slip (gripped, lift failed)"
17.49930928414377,2.0107997665567696,-9.600000000000003,0.0,0.0,80.0,0.0,0.003046472965697781,0.0,0,8,0.00822772697417129,0.001299301505493955,0,24,89.91315552366622,74.20637702903707,"slip (gripped, lift failed)"
25.46156874104637,6.665863396788809,-14.800000000000008,-5.0,0.0,100.0,0.0,37.5,0.0,1,10,0.227087074807363,0.04675849667983256,0,37,149.82743213783516,108.9337539771723,"slip (gripped, lift failed)"
17.00670393870519,2.3229755050703433,-10.000000000000004,0.0,-0.7,80.0,0.0,37.5,0.0,0,8,0.07726581457233694,0.0374332364296972,0,25,126.12967944377554,101.72163076760773,"slip (gripped, lift failed)"
40.87662638327667,12.094534921532532,-19.999999999999993,-15.0,0.0,190.0,0.0,0.0,0.0,3,19,0.3859107635481476,0.0,0,50,207.9711613048092,144.0499829235287,"slip (gripped, lift failed)"
18.653406510771642,2.21279334481981,-11.200000000000005,0.0,0.0,80.0,0.0,37.5,0.0,0,8,0.8092759161371491,0.0468476723199035,0,28,127.16619985559144,99.55474072499948,"slip (gripped, lift failed)"
22.08094320848192,4.090032332802971,-12.400000000000006,0.0,-0.7,80.0,0.0,0.02982986473028411,0.0,0,8,0.8410092151943773,0.002779678663314189,0,31,93.10080540601517,71.78936115026781,"slip (gripped, lift failed)"
18.58130448862007,2.8847542925414342,-10.400000000000004,0.0,0.0,80.0,0.0,4.920640149617183,0.0,0,8,0.9550079014938417,0.015244670225966206,0,26,95.98669893077869,77.52937619705045,"slip (gripped, lift failed)"
35.76853344070072,7.342533883774915,-19.199999999999996,-5.0,0.0,130.0,0.0,10.575977996638121,0.0,1,13,0.37180455669396284,0.019673623006136065,0,48,159.48704532111378,108.20445814907585,"slip (gripped, lift failed)"
27.133257033406437,5.442278915366469,-13.200000000000006,-5.0,0.0,90.0,0.0,37.5,0.0,1,9,0.27623783114829625,0.032226179246827136,0,33,141.8755359487729,107.30570746076154,"slip (gripped, lift failed)"
35.67664935763933,11.92474657080884,-20.79999999999999,0.0,-2.8,80.0,0.0,0.00016471929875676905,0.0,0,8,0.49095420901091247,0.0004913138350383095,0,52,104.00156064774693,65.85683921893194,"slip (gripped, lift failed)"
16.671716433224475,2.077725588294051,-9.200000000000003,0.0,0.0,80.0,0.0,37.5,0.0,0,8,0.6436143227584017,0.09680714958105052,0,23,127.04944202151852,104.635021053329,"slip (gripped, lift failed)"
19.20921315957556,4.0194542655759875,-12.400000000000006,0.0,0.0,80.0,0.0,3.5959823665146597,0.0,0,8,0.4527300829462493,0.013731458961538268,0,31,94.4246497916662,72.1989515266906,"slip (gripped, lift failed)"
157.55301570029718,84.79864606244834,-80.00000000000006,0.0,-2.0999999999999996,0.0,0.0,0.0,0.0,0,0,,,0,200,160.25166176274547,60.64961001331671,never gripped (timeout)
151.22197622095453,10.375099384260317,-80.00000000000006,0.0,-2.0999999999999996,0.0,0.0,0.0,0.0,0,0,,,0,200,79.4970756052148,35.17924747620316,never gripped (timeout)
157.35930190955926,49.57296658272897,-80.00000000000006,0.0,-16.799999999999994,0.0,0.0,0.0,0.0,0,0,,,0,200,110.13226849228819,47.663093994118626,never gripped (timeout)
97.59196754080536,23.004601924429842,-80.00000000000006,0.0,-60.200000000000095,0.0,0.0,0.0,0.0,0,0,,,0,200,-19.603430534764946,21.006654463741537,never gripped (timeout)
112.97291996968538,8.841240146576242,-80.00000000000006,0.0,-11.199999999999998,0.0,0.0,0.0,0.0,0,0,,,0,200,30.614160116261566,14.15871473092063,never gripped (timeout)
107.75917442013653,16.840639870286807,-80.00000000000006,0.0,-35.699999999999996,0.0,0.0,0.0,0.0,0,0,,,0,200,8.899814290423286,23.862575566710518,never gripped (timeout)
72.09681963161326,0.04190203181591273,-80.00000000000006,0.0,-13.999999999999995,0.0,0.0,0.0,0.0,0,0,,,0,200,-21.861278336570884,0.5496586277521662,never gripped (timeout)
153.17646857770666,31.665819906849762,-80.00000000000006,0.0,-14.699999999999994,0.0,0.0,0.0,0.0,0,0,,,0,200,90.14228848455639,37.39518835149978,never gripped (timeout)
151.40960091822726,36.17710361477922,-80.00000000000006,0.0,-18.199999999999992,0.0,0.0,0.0,0.0,0,0,,,0,200,89.38670453300642,39.69759996514038,never gripped (timeout)
144.87399073908549,6.410167718943462,-80.00000000000006,0.0,-2.0999999999999996,0.0,0.0,0.0,0.0,0,0,,,0,200,69.18415845802889,30.636704413244573,never gripped (timeout)
135.43780011044956,17.4029517391069,-80.00000000000006,0.0,-8.4,0.0,0.0,0.0,0.0,0,0,,,0,200,64.44075184955639,31.609981151915974,never gripped (timeout)
153.53114780909752,11.635883980521296,-80.00000000000006,0.0,-1.4,0.0,0.0,0.0,0.0,0,0,,,0,200,83.76703178961876,40.32318792624786,never gripped (timeout)
137.93892585274676,6.649913951771713,-80.00000000000006,0.0,-9.799999999999999,0.0,0.0,0.0,0.0,0,0,,,0,200,54.78883980451842,33.46434451564885,never gripped (timeout)
119.22326463623139,21.985370121973443,-80.00000000000006,0.0,-15.399999999999993,0.0,0.0,0.0,0.0,0,0,,,0,200,45.808634758204775,24.855679308981625,never gripped (timeout)
83.07284045088511,20.573355485649262,-80.00000000000006,0.0,-58.10000000000009,0.0,0.0,0.0,0.0,0,0,,,0,200,-34.453804063465775,11.20330026754318,never gripped (timeout)
133.44627952257702,6.102048495855382,-80.00000000000006,-5.0,-27.299999999999983,50.0,0.0,0.0,0.0,1,5,,,0,200,77.24832801843235,50.66219935627294,touched (timeout)
49.293511628295995,7.117835074971865,-80.00000000000006,-5.0,-50.400000000000055,30.0,0.0,0.0,0.0,1,3,,,0,200,-48.988653296732245,1.3776144732182904,touched (timeout)
97.11103543149918,20.20196076766353,-80.00000000000006,-5.0,-46.90000000000004,20.0,0.0,0.0,0.0,1,2,,,0,200,5.412996199162613,24.977030553213453,touched (timeout)
95.76473061430323,13.499143639283293,-80.00000000000006,-5.0,-40.600000000000016,30.0,0.0,0.0,0.0,1,3,,,0,200,13.66387425358645,26.71589022604579,touched (timeout)
154.74275227798975,35.572584469723715,-80.00000000000006,-10.0,-6.300000000000001,110.0,0.0,0.0,0.0,2,11,,,0,200,204.01533674771338,114.31691941487746,touched (timeout)
132.8006541777372,18.934672795532826,-80.00000000000006,-10.0,-16.099999999999994,30.0,0.0,0.0,0.0,2,3,,,0,200,75.63532697326997,28.72782171438894,touched (timeout)
53.62164270618628,7.448697557140891,-80.00000000000006,-5.0,-63.70000000000011,20.0,0.0,0.0,0.0,1,2,,,0,200,-67.629659736673,-1.251018729616942,touched (timeout)
65.29878824906676,5.205540772346314,-80.00000000000006,-10.0,-42.700000000000024,20.0,0.0,0.0,0.0,2,2,,,0,200,-42.19567097858701,-4.368780144961888,touched (timeout)
148.42051847386492,4.959584666855465,-80.00000000000006,-5.0,-0.7,70.0,0.0,0.0,0.0,1,7,,,0,200,137.68010314072035,88.7102184153116,touched (timeout)
123.39658431029402,11.321463640498887,-80.00000000000006,-5.0,-24.499999999999986,40.0,0.0,0.0,0.0,1,4,,,0,200,65.21804795079287,43.96415786907538,touched (timeout)
143.19000737897622,22.472313369522105,-80.00000000000006,-5.0,-5.6000000000000005,40.0,0.0,0.0,0.0,1,4,,,0,200,115.06232074849828,67.36765049129562,touched (timeout)
27.889937648472234,5.674813667382608,-80.00000000000006,-10.0,-11.199999999999998,110.0,0.0,0.0,0.0,2,11,,,0,200,42.36475131585478,55.983658721842794,touched (timeout)
114.01136582425018,14.989189478378112,-80.00000000000006,-5.0,-27.299999999999983,60.0,0.0,0.0,0.0,1,6,,,0,200,76.70055530262826,62.67456935834681,touched (timeout)
166.43585345881303,67.66558862640916,-80.00000000000006,-5.0,-2.8,30.0,0.0,0.0,0.0,1,3,,,0,200,176.3014420852221,58.42026810523698,touched (timeout)
44.33246419682607,5.178730827330772,-80.00000000000006,-20.0,-17.499999999999993,90.0,0.0,0.0,0.0,4,9,,,0,200,22.011195024156798,43.354206343673276,"flicker (>=3 drops, timeout)"
149.35341182892185,25.170370878934325,-80.00000000000006,-35.0,-5.6000000000000005,220.0,0.0,0.0,0.0,7,22,,,0,200,273.9237827078561,150.03228973231538,"flicker (>=3 drops, timeout)"
85.36909786097603,18.409505383572764,-80.00000000000006,-15.0,-13.999999999999995,140.0,0.0,0.0,0.0,3,14,,,0,200,134.77860324454872,88.24813064326352,"flicker (>=3 drops, timeout)"
155.07293942552795,34.89795989549575,-80.00000000000006,-15.0,-5.6000000000000005,110.0,0.0,0.0,0.0,3,11,,,0,200,199.37089932102364,115.69727076906878,"flicker (>=3 drops, timeout)"
106.37091548604398,9.503659199712368,-80.00000000000006,-25.0,-28.69999999999998,140.0,0.0,0.0,0.0,5,14,,,0,200,122.17457468575631,94.88928255402999,"flicker (>=3 drops, timeout)"
