ep,step,phase,res_x,res_y,res_z,res_norm,reproj,area_px,obliq_deg,cam_range,gripper_perp,gripper_dz,det_x,det_y,det_z,obj_yaw,cx,cy
0,0,0,0.009086993208733537,0.0037319623520146727,0.006443201533508858,0.011748014069358072,0.060621436685323715,552.0,50.620867892048864,1.3976397802904013,0.2596652295561094,0.1793830136353649,-0.008921633420375377,-0.3236439145803768,0.8385567984664912,-0.5645945978868816,360.0,406.0
0,3,0,-0.013309422925327054,-0.0037719852792995057,-0.013452242517813295,0.019295891798788087,0.06516869366168976,568.0,51.23156457979989,1.3679113437481858,0.17883945720331643,0.15744021537951391,0.013474782717166464,-0.3161399669512842,0.85668876570589,-0.5408175439290496,360.5,407.0
0,6,0,-0.013309422921576346,-0.003771985281693313,-0.013451918119604112,0.019295665641983598,0.06516869366168976,568.0,51.23156457979989,1.3679113437481858,0.1284048580593638,0.15105044298569303,0.013474782717166464,-0.3161399669512842,0.85668876570589,-0.5408175439290496,360.5,407.0
0,9,0,-0.013309422917806964,-0.0037719852840990553,-0.01345191808884183,0.019295665618408064,0.06516869366168976,568.0,51.23156457979989,1.3679113437481858,0.07791778811963011,0.10083983949348552,0.013474782717166464,-0.3161399669512842,0.85668876570589,-0.5408175439290496,360.5,407.0
0,12,0,-0.013309422914018845,-0.0037719852865166215,-0.01345191808458035,0.01929566561329688,0.06516869366168976,568.0,51.23156457979989,1.3679113437481858,0.031786230510222356,0.037539600136130336,0.013474782717166464,-0.3161399669512842,0.85668876570589,-0.5408175439290496,360.5,407.0
1,0,0,0.0043686577595077325,0.004258917352293445,0.006492370566761108,0.00890923247028156,0.11070520430803299,777.0,44.962078752563535,1.2719096868277493,0.3942426276302032,0.16464723661381808,0.18910869414829018,-0.3597098830154085,0.838507629433239,-1.6345210009916689,293.5,530.5
1,3,0,-0.011887070014621887,-0.0028560755764768797,-0.011440051935528328,0.016743189347273594,0.29295191168785095,789.5,46.10723341340274,1.2479474722910295,0.2985980206822744,0.15853398336161406,0.20536442192218934,-0.35259489009076145,0.8546765751236051,-1.6397783095686491,293.75,531.5
1,6,0,-0.011887070014869633,-0.002856075580919437,-0.011439727537319144,0.0167429676996175,0.29295191168785095,789.5,46.10723341340274,1.2479474722910295,0.22060100552407583,0.17534527865012006,0.20536442192218934,-0.35259489009076145,0.8546765751236051,-1.6397783095686491,293.75,531.5
1,9,0,-0.011887070015119433,-0.002856075585384199,-0.011439727506556863,0.016742967679537965,0.29295191168785095,789.5,46.10723341340274,1.2479474722910295,0.1716864233061919,0.15241037849066463,0.20536442192218934,-0.35259489009076145,0.8546765751236051,-1.6397783095686491,293.75,531.5
1,12,0,-0.011887070015369927,-0.002856075589870888,-0.011439727502295383,0.016742967677569484,0.29295191168785095,789.5,46.10723341340274,1.2479474722910295,0.114692368634016,0.11164926984605528,0.20536442192218934,-0.35259489009076145,0.8546765751236051,-1.6397783095686491,293.75,531.5
2,0,0,0.007353843369581697,0.0026922028652005547,0.006783455698320839,0.010360610010169104,0.10734070092439651,620.0,48.80585851605159,1.3279082840402334,0.259977003131458,0.15441429967267795,0.07307356432226626,-0.26981238588930184,0.8382165443016792,-1.417101147106641,395.5,454.5
2,3,0,-0.02205870677225996,-0.006207221962094112,-0.0215489432782211,0.03145589142528377,0.11694624274969101,640.0,50.19883629914861,1.2873272770978414,0.17475058373771402,0.11931850803768163,0.10248611446475138,-0.2609129610660867,0.8647854664662978,-1.4142406822918694,396.0,455.5
2,6,0,-0.022058706771566655,-0.0062072219664891515,-0.021548618880011916,0.03145566919668428,0.11694624274969101,640.0,50.19883629914861,1.2873272770978414,0.12696407500378848,0.12045379376679399,0.10248611446475138,-0.2609129610660867,0.8647854664662978,-1.4142406822918694,396.0,455.5
2,9,0,-0.022058706770869893,-0.006207221970906118,-0.021548618849249634,0.031455669175993656,0.11694624274969101,640.0,50.19883629914861,1.2873272770978414,0.07669368565670702,0.07716403678941108,0.10248611446475138,-0.2609129610660867,0.8647854664662978,-1.4142406822918694,396.0,455.5
2,12,0,-0.022058706770169717,-0.006207221975345123,-0.021548618844988154,0.031455669173459294,0.11694624274969101,640.0,50.19883629914861,1.2873272770978414,0.03409952765699523,0.026609187250536404,0.10248611446475138,-0.2609129610660867,0.8647854664662978,-1.4142406822918694,396.0,455.5
3,0,0,0.003111240628463907,0.004484640532519291,0.004125569918806082,0.006841940229867331,0.16809606552124023,723.0,47.58953941800253,1.3082349069313746,0.39161417632174866,0.16451913889921987,0.15680723696700122,-0.4171273596904498,0.840874430081194,2.685526265971174,245.75,506.75
3,3,0,-0.0025077797454017003,0.0016552647899859552,-0.0015848083429889082,0.0033971279428984587,0.23559731245040894,725.0,47.94940545200321,1.30096926010992,0.27931756542633496,0.1639758391142071,0.16242625733724453,-0.4142979839459327,0.8448213315310656,2.6861144548716718,246.25,508.0
3,6,0,-0.002507779749304162,0.001655264792123079,-0.0015844839447797243,0.0033969766225758783,0.23559731245040894,725.0,47.94940545200321,1.30096926010992,0.1927236819167461,0.17788885131851695,0.16242625733724453,-0.4142979839459327,0.8448213315310656,2.6861144548716718,246.25,508.0
3,9,0,-0.0025077797532261636,0.0016552647942710275,-0.0015844839140174427,0.0033969766121691534,0.23559731245040894,725.0,47.94940545200321,1.30096926010992,0.1367100882757392,0.15080361447771695,0.16242625733724453,-0.4142979839459327,0.8448213315310656,2.6861144548716718,246.25,508.0
3,12,0,-0.0025077797571676774,0.001655264796429634,-0.0015844839097559626,0.003396976614143046,0.23559731245040894,725.0,47.94940545200321,1.30096926010992,0.08182055290251729,0.09084435335431107,0.16242625733724453,-0.4142979839459327,0.8448213315310656,2.6861144548716718,246.25,508.0
3,15,0,-0.0025077797611286756,0.0016552647985988433,-0.001584483905476608,0.0033969766161281523,0.23559731245040894,725.0,47.94940545200321,1.30096926010992,0.029900552835273923,0.04105283559942585,0.16242625733724453,-0.4142979839459327,0.8448213315310656,2.6861144548716718,246.25,508.0
4,0,0,0.0013962056710518714,-0.0017639574215030374,-0.00017575003714576098,0.0022565070654243,0.10035169869661331,595.0,49.156082397259524,1.3213005086314071,0.19756274013720876,0.1623158421436447,0.04835657243410169,-0.14663866324882494,0.8451757500371458,0.2500368795629958,506.5,435.0
4,3,0,0.006825558029946402,-0.0010090786517926165,0.005398917296143946,0.00876098111607779,0.09669287502765656,599.5,48.11435385727282,1.3303207866972422,0.1488048901257595,0.13878228838281303,0.04292722007917466,-0.14739354201738902,0.8378376058919328,0.3000793429307944,506.75,436.5
4,6,0,0.006825558034221017,-0.0010090786505575489,0.00539924169435313,0.00876118103200541,0.09669287502765656,599.5,48.11435385727282,1.3303207866972422,0.10677420949980329,0.12163038132864368,0.04292722007917466,-0.14739354201738902,0.8378376058919328,0.3000793429307944,506.75,436.5
4,9,0,0.006825558038516921,-0.0010090786493163195,0.005399241725115411,0.008761181054167084,0.09669287502765656,599.5,48.11435385727282,1.3303207866972422,0.05630963677250235,0.08363248722731631,0.04292722007917466,-0.14739354201738902,0.8378376058919328,0.3000793429307944,506.75,436.5
4,12,0,0.006825558042834169,-0.0010090786480689007,0.005399241729376891,0.008761181060013059,0.09669287502765656,599.5,48.11435385727282,1.3303207866972422,0.021423571870463436,0.040792150033891916,0.04292722007917466,-0.14739354201738902,0.8378376058919328,0.3000793429307944,506.75,436.5
4,141,6,-0.0023784529528604326,-0.007334964165500529,-0.00884183482204981,0.01173187030181292,0.001567147672176361,569.0,65.32090498986274,1.079566509770602,0.27785916390848925,0.35778665777154495,0.1998623904106847,0.16271446438592596,1.0437651539193376,0.07524773954926084,811.75,388.0
5,0,0,0.0031609383226998047,-0.0018926720929487162,0.0013515375862827028,0.003924333392880121,0.3371315598487854,558.0,50.038286387265416,1.3472447299221038,0.158309741715047,0.1734650784847379,0.009584520187716558,-0.11257188799193268,0.8436484624137174,0.18356137294701613,538.75,413.25
5,3,0,-0.014968769757963617,-0.004201186495510628,-0.015004236699173501,0.021606507236520484,0.2242450714111328,569.0,50.75615155935435,1.3239079181670728,0.132934403864605,0.11867667059198528,0.027714228272434478,-0.1102633735885857,0.8582407598872502,0.1981506125358923,539.0,414.25
5,6,0,-0.014968769753595278,-0.004201186494664819,-0.015003912300964317,0.02160628196229354,0.2242450714111328,569.0,50.75615155935435,1.3239079181670728,0.09046880825194806,0.09194907540534125,0.027714228272434478,-0.1102633735885857,0.8582407598872502,0.1981506125358923,539.0,414.25
5,9,0,-0.01496876974920519,-0.00420118649381479,-0.015003912270202036,0.021606281937724764,0.2242450714111328,569.0,50.75615155935435,1.3239079181670728,0.04709152036039902,0.05315684528909348,0.027714228272434478,-0.1102633735885857,0.8582407598872502,0.1981506125358923,539.0,414.25
5,12,0,-0.014968769744793282,-0.004201186492960543,-0.015003912265940555,0.021606281931542834,0.2242450714111328,569.0,50.75615155935435,1.3239079181670728,0.024743675301935386,0.01856543850578829,0.027714228272434478,-0.1102633735885857,0.8582407598872502,0.1981506125358923,539.0,414.25
6,0,0,-0.004064360838641043,-0.0022346693125500083,-0.005389252831478619,0.007110332062901983,0.17341122031211853,544.5,51.452562705041814,1.3530319376216673,0.16781749099518198,0.15469748826902618,0.003247386777710812,-0.16697351837245283,0.8503892528314787,-0.3020454064290847,491.75,405.25
6,3,0,-0.0048709740216631775,-0.0022328083428943823,-0.0063229962933094574,0.008288069928579358,0.17335987091064453,544.5,51.44909460020627,1.352990122377079,0.13434043758897996,0.13466731254570374,0.004053999964629693,-0.1669753793434761,0.8495595194813862,-0.3019907311848588,491.75,406.25
6,6,0,-0.00487097401746481,-0.0022328083443679536,-0.006322671895100274,0.00828782244468276,0.17335987091064453,544.5,51.44909460020627,1.352990122377079,0.10083620245013525,0.11857306281581825,0.004053999964629693,-0.1669753793434761,0.8495595194813862,-0.3019907311848588,491.75,406.25
6,9,0,-0.00487097401324554,-0.002232808345848908,-0.006322671864337992,0.00828782241913382,0.17335987091064453,544.5,51.44909460020627,1.352990122377079,0.051715830289075684,0.07031197840037684,0.004053999964629693,-0.1669753793434761,0.8495595194813862,-0.3019907311848588,491.75,406.25
6,12,0,-0.004870974009005298,-0.0022328083473371896,-0.006322671860076512,0.008287822413791645,0.17335987091064453,544.5,51.44909460020627,1.352990122377079,0.019449884092681276,0.02045822639519934,0.004053999964629693,-0.1669753793434761,0.8495595194813862,-0.3019907311848588,491.75,406.25
7,0,0,-0.007067135268180952,-0.0023275661907295186,-0.006398310090787729,0.009813273525632016,0.1917538046836853,734.0,46.66562287818087,1.2336754227743423,0.29791650053264795,0.16403974475009608,0.17995275396694405,-0.20492087722670094,0.8513983100907878,1.5327312043580938,440.25,515.75
8,0,0,-0.016969881793422487,-0.005229187973593674,-0.01697223262669978,0.024563753281628627,0.10765397548675537,710.5,49.062088305522465,1.2487181263803673,0.29550398153905183,0.13458065982893286,0.17047292096740113,-0.2873820952608765,0.8619722326266999,2.2561336853510223,361.5,502.25
8,3,0,-0.0139710709316124,-0.003873283491512447,-0.01373109420781049,0.01996837740342301,0.0933113843202591,717.0,48.15922673479697,1.2545819328454513,0.22881697492375982,0.13543746330254913,0.1674741101029294,-0.28873799973979986,0.8569676173958872,2.2530042664358296,361.5,503.5
8,6,0,-0.013971070934479995,-0.003873283488110335,-0.013730769809601306,0.019968154336337612,0.0933113843202591,717.0,48.15922673479697,1.2545819328454513,0.17492988678914362,0.1412978561714484,0.1674741101029294,-0.28873799973979986,0.8569676173958872,2.2530042664358296,361.5,503.5
8,9,0,-0.01397107093736194,-0.0038732834846912922,-0.013730769778839025,0.01996815431653764,0.0933113843202591,717.0,48.15922673479697,1.2545819328454513,0.12274869827963628,0.106883162412714,0.1674741101029294,-0.28873799973979986,0.8569676173958872,2.2530042664358296,361.5,503.5
8,12,0,-0.013971070940258179,-0.003873283481255263,-0.013730769774577545,0.019968154314967214,0.0933113843202591,717.0,48.15922673479697,1.2545819328454513,0.06891382462487172,0.06566629419125358,0.1674741101029294,-0.28873799973979986,0.8569676173958872,2.2530042664358296,361.5,503.5
8,15,0,-0.013971070943168795,-0.003873283477802192,-0.01373076977029819,0.01996815431339125,0.0933113843202591,717.0,48.15922673479697,1.2545819328454513,0.01953316194663348,0.015690961194673503,0.1674741101029294,-0.28873799973979986,0.8569676173958872,2.2530042664358296,361.5,503.5
9,0,0,0.000847110418283217,-0.00298050403390894,-0.0012237651779927194,0.003331456373386718,0.1321326643228531,536.0,51.347066083483064,1.3552540523199184,0.1503616243379195,0.16941565439026285,-0.005034082460716174,-0.09903815826671393,0.8462237651779928,0.5520709862521348,551.0,403.25
9,3,0,-0.0017263014614858421,-0.003133703713112654,-0.003307027827634146,0.004872027170516479,0.0757996067404747,530.0,51.957256627025515,1.3531220145649687,0.13177199049561697,0.12914211004568688,-0.002460670577478277,-0.09888495858526908,0.8465435510157109,0.5529976989641899,551.0,404.5
9,6,0,-0.001726301457748508,-0.0031337037106980853,-0.003306703429424962,0.004871806978897909,0.0757996067404747,530.0,51.957256627025515,1.3531220145649687,0.08386008767977776,0.09872068802567446,-0.002460670577478277,-0.09888495858526908,0.8465435510157109,0.5529976989641899,551.0,404.5
9,9,0,-0.0017263014539925653,-0.0031337037082714986,-0.0033067033986626804,0.004871806955126476,0.0757996067404747,530.0,51.957256627025515,1.3531220145649687,0.04245293392684247,0.05757133956276972,-0.002460670577478277,-0.09888495858526908,0.8465435510157109,0.5529976989641899,551.0,404.5
9,12,0,-0.0017263014502179519,-0.003133703705832852,-0.0033067033944012003,0.004871806949327895,0.0757996067404747,530.0,51.957256627025515,1.3531220145649687,0.023343248674923447,0.024128358921298387,-0.002460670577478277,-0.09888495858526908,0.8465435510157109,0.5529976989641899,551.0,404.5
9,126,6,-0.006487276878008208,-0.0068098429820103445,-0.008789908766711485,0.012873275374149614,0.1377236694097519,699.0,52.30413936037881,1.1916084205660968,0.21036890788529505,0.23328395389355894,0.236098450501753,0.1855625798848027,0.8544825073820717,1.201003333490845,818.5,554.0
10,0,0,-0.011479771600790667,-0.002965709575602382,-0.011299134672541622,0.01637837090926237,0.10526791214942932,749.0,46.97360280014198,1.2650279658742043,0.3679045985564851,0.15549727849256012,0.17484075884285272,-0.34742876174798776,0.8562991346725417,2.980318163193789,304.5,509.0
10,3,0,-0.01232138708142036,-0.0035326065655655325,-0.012424904641751167,0.01785144655522008,0.2530965209007263,749.0,46.94134128493389,1.2647743604699155,0.26202684722139086,0.15584938249036118,0.17568237431939698,-0.3468618647574203,0.8556614278298279,2.980121736769786,305.0,510.0
10,6,0,-0.012321387085821922,-0.0035326065649146088,-0.012424580243541983,0.017851220773083022,0.2530965209007263,749.0,46.94134128493389,1.2647743604699155,0.18620750492579585,0.1674124679557124,0.17568237431939698,-0.3468618647574203,0.8556614278298279,2.980121736769786,305.0,510.0
10,9,0,-0.012321387090245411,-0.0035326065642606874,-0.012424580212779701,0.017851220754596053,0.2530965209007263,749.0,46.94134128493389,1.2647743604699155,0.1331241034654658,0.13361962072391775,0.17568237431939698,-0.3468618647574203,0.8556614278298279,2.980121736769786,305.0,510.0
10,12,0,-0.012321387094690883,-0.0035326065636028803,-0.012424580208518221,0.01785122075456824,0.2530965209007263,749.0,46.94134128493389,1.2647743604699155,0.07972146567509455,0.0822174791236071,0.17568237431939698,-0.3468618647574203,0.8556614278298279,2.980121736769786,305.0,510.0
10,15,0,-0.01232138709915842,-0.003532606562941798,-0.012424580204238866,0.01785122075454257,0.2530965209007263,749.0,46.94134128493389,1.2647743604699155,0.029350908181742442,0.03275445123866394,0.17568237431939698,-0.3468618647574203,0.8556614278298279,2.980121736769786,305.0,510.0
11,0,0,-0.002964044934772536,-0.0019073125985778205,-0.002335408265098482,0.004228183473873231,0.1666695922613144,735.0,45.52406757638944,1.2378614077333896,0.27696475782436386,0.167843396063317,0.1703114616667995,-0.17062950782988834,0.8473354082650986,0.6723456530412925,474.25,511.75
11,3,0,-0.009721941922202021,-0.0034167222937599717,-0.009694203531465662,0.014148064464117587,0.10716976970434189,736.5,46.187136851871095,1.2290442339951066,0.23216572197927898,0.15117662829829837,0.17706935865744095,-0.16912009813211015,0.8529307267195424,0.6523194530121386,474.5,512.75
11,6,0,-0.009721941918741539,-0.0034167222909630424,-0.009693879133256478,0.014147842186536187,0.10716976970434189,736.5,46.187136851871095,1.2290442339951066,0.1804106279643901,0.14689749505163752,0.17706935865744095,-0.16912009813211015,0.8529307267195424,0.6523194530121386,474.5,512.75
11,9,0,-0.009721941915263738,-0.0034167222881522352,-0.009693879102494196,0.014147842162389707,0.10716976970434189,736.5,46.187136851871095,1.2290442339951066,0.1236733448199145,0.11245939153990292,0.17706935865744095,-0.16912009813211015,0.8529307267195424,0.6523194530121386,474.5,512.75
11,12,0,-0.009721941911768617,-0.0034167222853274393,-0.009693879098232716,0.014147842156385882,0.10716976970434189,736.5,46.187136851871095,1.2290442339951066,0.07012915521193802,0.07528724074063264,0.17706935865744095,-0.16912009813211015,0.8529307267195424,0.6523194530121386,474.5,512.75
11,15,0,-0.009721941908256176,-0.003416722282488599,-0.00969387909395325,0.01414784215035444,0.10716976970434189,736.5,46.187136851871095,1.2290442339951066,0.02036483603244016,0.022637134555444693,0.17706935865744095,-0.16912009813211015,0.8529307267195424,0.6523194530121386,474.5,512.75
12,0,0,0.0073554311214594215,0.003895359630949391,0.009766076387413114,0.0128316967561485,0.23114408552646637,791.0,43.84368040584676,1.2527225296398523,0.35470005504823005,0.19376145301665448,0.20065524645374516,-0.305883518248573,0.835233923612587,-1.8058439023321016,343.25,540.75
12,3,0,-0.01710381358547894,-0.005359728593964941,-0.01720102549717195,0.024842351094897176,0.11897291988134384,801.0,46.39533931450383,1.2164527660786744,0.2791239189761703,0.16877609607220245,0.22511449115971555,-0.29662843002767336,0.8604375486852487,-1.7670853560888777,343.5,542.0
12,6,0,-0.017103813586521854,-0.005359728598290425,-0.017200701098962767,0.02484212648195965,0.11897291988134384,801.0,46.39533931450383,1.2164527660786744,0.22521768029885195,0.18237823541015774,0.22511449115971555,-0.29662843002767336,0.8604375486852487,-1.7670853560888777,343.5,542.0
12,9,0,-0.017103813587569933,-0.005359728602637559,-0.017200701068200486,0.02484212646231933,0.11897291988134384,801.0,46.39533931450383,1.2164527660786744,0.1721118760259388,0.15553712248339768,0.22511449115971555,-0.29662843002767336,0.8604375486852487,-1.7670853560888777,343.5,542.0
12,12,0,-0.01710381358862323,-0.005359728607006231,-0.017200701063939006,0.024842126461036423,0.11897291988134384,801.0,46.39533931450383,1.2164527660786744,0.11689447214462055,0.11268477451815573,0.22511449115971555,-0.29662843002767336,0.8604375486852487,-1.7670853560888777,343.5,542.0
12,15,0,-0.0171038135896818,-0.005359728611396608,-0.01720070105965965,0.02484212645974945,0.11897291988134384,801.0,46.39533931450383,1.2164527660786744,0.06439128484181947,0.06586184719452715,0.22511449115971555,-0.29662843002767336,0.8604375486852487,-1.7670853560888777,343.5,542.0
13,0,0,0.011364491923461666,0.00263715183726132,0.009058248716319328,0.01477017658316572,0.09751281887292862,564.0,50.29080398418483,1.3659987328244103,0.20918746890839252,0.18556072315452476,0.017879130174933984,-0.25668785145699025,0.8359417512836808,-2.8145131922765625,414.25,423.0
13,3,0,0.015260861243362957,0.0030023872280908748,0.012382345735647116,0.019880409977504968,0.32068130373954773,571.0,49.22333419080062,1.3722737804330718,0.14411637232546998,0.16285941167743045,0.01398276085117007,-0.2570530868492811,0.8308541774524296,-2.764209376438458,415.0,424.0
13,6,0,0.015260861239201359,0.003002387226516412,0.0123826701338563,0.01988061202438205,0.32068130373954773,571.0,49.22333419080062,1.3722737804330718,0.09755237685018964,0.13138978778325427,0.01398276085117007,-0.2570530868492811,0.8308541774524296,-2.764209376438458,415.0,424.0
13,9,0,0.015260861235019041,0.003002387224934122,0.012382670164618581,0.019880612040092973,0.32068130373954773,571.0,49.22333419080062,1.3722737804330718,0.04775504185752493,0.07921852825324449,0.01398276085117007,-0.2570530868492811,0.8308541774524296,-2.764209376438458,415.0,424.0
13,306,5,-0.014466618413356336,-0.005104908216341991,-0.01600230429213856,0.022167924550420427,0.2602090537548065,758.5,55.591088458387915,1.0914119413856267,0.02434507856190642,0.02281771578888936,0.21147883540073514,0.16260397409282626,1.013132069915252,3.023658837559829,809.5,421.25
14,0,0,0.005865359828493837,0.0018579530716343884,0.004161092944047207,0.007427592478259988,0.15846076607704163,563.0,51.18346625232587,1.3611051860639256,0.23790455473585492,0.15687452112239553,0.026722743796704536,-0.28065070312451457,0.8408389070559529,-2.151913337259388,391.75,425.0
14,3,0,-0.0018393782938283879,-0.00035361131500094567,-0.0026676663748884666,0.0032595701185300953,0.3815143406391144,578.5,50.46944747854873,1.3517573288541078,0.1495502737791608,0.1348222595222136,0.03442748191651874,-0.2784391387411604,0.8459041895629652,-2.221897537923096,392.0,426.25
14,6,0,-0.001839378296530518,-0.0003536113185358958,-0.0026673419766792827,0.003259304634872222,0.3815143406391144,578.5,50.46944747854873,1.3517573288541078,0.10120718248864906,0.12246211069725643,0.03442748191651874,-0.2784391387411604,0.8459041895629652,-2.221897537923096,392.0,426.25
14,9,0,-0.0018393782992461027,-0.0003536113220884429,-0.002667341945917001,0.003259304611615017,0.3815143406391144,578.5,50.46944747854873,1.3517573288541078,0.0556150402184137,0.07573012630675569,0.03442748191651874,-0.2784391387411604,0.8459041895629652,-2.221897537923096,392.0,426.25
15,0,0,-0.015711829818831242,-0.004455900408661673,-0.0155328995887134,0.022538580575113393,0.08071622997522354,552.0,52.81084841558949,1.3867195548101747,0.2788145984667944,0.17195464505094538,0.0056761829551306795,-0.3783643057110287,0.8605328995887135,0.6154329506473315,307.0,400.0
15,3,0,0.014893631099452243,0.006892141407873309,0.010853857050711735,0.019675570471779917,0.07423851639032364,537.0,51.36248672145713,1.4298172295919374,0.19269896417914245,0.18722764844318163,-0.024929277959830402,-0.3897123475251107,0.832382666137365,0.6231621816990459,307.5,401.0
15,6,0,0.014893631103031808,0.006892141410516084,0.010854181448920919,0.019675749428721797,0.07423851639032364,537.0,51.36248672145713,1.4298172295919374,0.12128143183242819,0.17519276748196422,-0.024929277959830402,-0.3897123475251107,0.832382666137365,0.6231621816990459,307.5,401.0
15,9,0,0.01489363110662919,0.006892141413172015,0.0108541814796832,0.019675749449345283,0.07423851639032364,537.0,51.36248672145713,1.4298172295919374,0.06907575764028981,0.11599637585564526,-0.024929277959830402,-0.3897123475251107,0.832382666137365,0.6231621816990459,307.5,401.0
15,12,0,0.014893631110244457,0.006892141415841269,0.01085418148394468,0.01967574945536773,0.07423851639032364,537.0,51.36248672145713,1.4298172295919374,0.027498698217549526,0.05202178669003377,-0.024929277959830402,-0.3897123475251107,0.832382666137365,0.6231621816990459,307.5,401.0
16,0,0,0.007871185924485616,0.0023864941192758837,0.006935402700785076,0.010758751445275412,0.31290218234062195,626.0,47.677678986520036,1.331437857119455,0.23536534883778762,0.19308875332879027,0.06433755026758554,-0.2561959578770518,0.838064597299215,3.00410207571581,408.75,449.25
16,3,0,0.01091522761503045,0.00292598929620963,0.01000024766675145,0.015090015263273408,0.08382438123226166,615.5,48.16427285695943,1.33698866727501,0.1681638125795149,0.16981397279366328,0.06129350857295563,-0.2567354530533798,0.8332362755213253,3.004827715519975,409.25,450.5
16,6,0,0.010915227610629165,0.0029259892968629964,0.010000572064960633,0.015090230242897856,0.08382438123226166,615.5,48.16427285695943,1.33698866727501,0.11721625425175285,0.14430524835837,0.06129350857295563,-0.2567354530533798,0.8332362755213253,3.004827715519975,409.25,450.5
16,9,0,0.010915227606205953,0.00292598929751936,0.010000572095722915,0.015090230260212407,0.08382438123226166,615.5,48.16427285695943,1.33698866727501,0.06485958317717254,0.09321848576855363,0.06129350857295563,-0.2567354530533798,0.8332362755213253,3.004827715519975,409.25,450.5
16,12,0,0.010915227601760773,0.0029259892981787217,0.010000572099984395,0.015090230259949081,0.08382438123226166,615.5,48.16427285695943,1.33698866727501,0.023690370378231563,0.044868643564458965,0.06129350857295563,-0.2567354530533798,0.8332362755213253,3.004827715519975,409.25,450.5
16,126,6,-0.007119962458974366,-0.0056528821646847915,-0.013763788557826784,0.01649517558710968,0.007462221197783947,523.5,65.05099228001866,1.1241211526269204,0.4389158200051016,0.6146807428176336,0.22215947925024365,0.1506754599302822,0.9525607259246497,-3.133789128102105,791.75,475.5
17,0,0,0.018122249186945,0.005370381697392346,0.014084597985279945,0.02357186491511368,0.1975586712360382,534.5,50.71275634984052,1.4096127763156798,0.22219586794118837,0.18957857197307704,-0.02616410853803102,-0.29879575506854783,0.8309154020147201,-1.5495757635463447,384.5,401.25
17,3,0,0.007607240091795319,0.0019609462445992487,0.004725115733798302,0.009167449519152762,0.2008918672800064,534.0,51.58005243280259,1.396283504650363,0.14311923326249243,0.15624126443497766,-0.01564909944288278,-0.29538631961988476,0.8385114074542784,-1.5806503223083623,385.0,402.25
17,6,0,0.007607240091793758,0.0019609462401497524,0.004725440132007486,0.00916761672476215,0.2008918672800064,534.0,51.58005243280259,1.396283504650363,0.09891364669559534,0.13608107228600408,-0.01564909944288278,-0.29538631961988476,0.8385114074542784,-1.5806503223083623,385.0,402.25
17,9,0,0.007607240091792197,0.0019609462356781626,0.004725440162769767,0.009167616739660775,0.2008918672800064,534.0,51.58005243280259,1.396283504650363,0.05338241460330999,0.08348082761104536,-0.01564909944288278,-0.29538631961988476,0.8385114074542784,-1.5806503223083623,385.0,402.25
17,12,0,0.029578051375750692,0.008661336630911565,0.02388306926462147,0.03899077933203214,0.19708126783370972,525.0,50.43968206011879,1.426188574265769,0.023339832365657558,0.05586814238253224,-0.037619910726842835,-0.30208671001961207,0.8193537783566882,-1.5691303117412205,384.75,402.25
17,123,5,0.0029300714728648924,-0.006416497876310351,0.005473017002918135,0.008928083721998966,0.11291752755641937,813.0,41.84895280611919,1.2089555557149176,0.11225224312388664,0.07927774024509848,0.21594490902174374,0.11608354458771322,0.8371167869431512,-1.3632728453539777,747.5,550.5
17,126,5,-0.004778659953895564,-0.005545716238249121,-0.003641719469534177,0.008176348833368683,0.32593557238578796,802.0,43.82134202822717,1.1965234451302833,0.11133094066199531,0.07505513423983623,0.22359753940129007,0.11519466030131802,0.8468954854720442,-1.38462487127825,747.75,549.75
17,129,5,-0.004778771950603639,-0.005545735717952166,-0.0036415001388246937,0.008176329816629633,0.32593557238578796,802.0,43.82134202822717,1.1965234451302833,0.11091263107568523,0.08119096984349683,0.22359753940129007,0.11519466030131802,0.8468954854720442,-1.38462487127825,747.75,549.75
18,0,0,-0.006859279347082914,-0.0018837062010392258,-0.0066445474675331795,0.00973386219655145,0.11592934280633926,704.0,47.305588446757774,1.273275497455832,0.29946793993346477,0.17770630092219453,0.14338823855520916,-0.2835564555446339,0.8516445474675333,1.0412753453261294,371.0,490.75
18,3,0,0.007187891794609547,0.002817322561604496,0.0078082607900986645,0.010980529651766949,0.2241312861442566,691.0,46.463393940632336,1.2952145835213404,0.22141254264915922,0.17428403518488333,0.129341067415696,-0.28825748430376963,0.8354282623979781,1.0410805593811636,371.25,492.0
18,6,0,0.007187891796957557,0.002817322565384084,0.007808585188307848,0.010980760336390774,0.2241312861442566,691.0,46.463393940632336,1.2952145835213404,0.16406806470133034,0.16895968806132333,0.129341067415696,-0.28825748430376963,0.8354282623979781,1.0410805593811636,371.25,492.0
18,9,0,0.007187891799317253,0.0028173225691823234,0.00780858521907013,0.01098076036078544,0.2241312861442566,691.0,46.463393940632336,1.2952145835213404,0.11024733582159492,0.13030235728597983,0.129341067415696,-0.28825748430376963,0.8354282623979781,1.0410805593811636,371.25,492.0
18,12,0,0.007187891801688717,0.0028173225729995477,0.00780858522333161,0.010980760366347563,0.2241312861442566,691.0,46.463393940632336,1.2952145835213404,0.05915060577650594,0.0813447084352199,0.129341067415696,-0.28825748430376963,0.8354282623979781,1.0410805593811636,371.25,492.0
18,15,0,0.00718789180407195,0.0028173225768357013,0.007808585227610965,0.010980760371934952,0.2241312861442566,691.0,46.463393940632336,1.2952145835213404,0.01184686087332436,0.028023560757247656,0.129341067415696,-0.28825748430376963,0.8354282623979781,1.0410805593811636,371.25,492.0
18,132,2,0.004868644564317237,-0.007185220398533695,-0.0008399056102992297,0.008719892975454035,0.16177596151828766,663.0,60.5237662467043,1.075601579642624,0.021242848528358865,-0.0016523304201915279,0.3256317857187419,0.0024034319143785335,0.9120617605026919,1.5585039846420266,637.5,585.5
18,135,2,0.0032914286210939947,-0.007083818251546813,2.4163031195900686e-06,0.007811145193070299,0.17208783328533173,671.5,55.712899164443975,1.1705888740809678,0.11516069756876124,0.13263788010056843,0.3478023947610445,-0.013879894685323812,0.778030893306663,1.5593219009524202,621.25,689.75
18,138,0,0.008925251379011956,-0.00667399043298603,0.015477009405337694,0.01907197107304474,0.06227710098028183,569.0,48.299866804218205,1.470088672446092,0.26622662957996635,0.4835500365359924,0.35865705391327135,-0.028547979104418756,0.42749293262827426,1.561169621344472,612.25,867.0
19,0,0,0.00019083817920063223,-0.001287797405247204,-0.0005145360524529963,0.0013998531054635543,0.09560989588499069,601.0,49.25716362220192,1.3180277329029275,0.18340588463692573,0.15066467361993874,0.057034769587847874,-0.1729731899531789,0.8455145360524531,-0.23198241661404817,482.5,440.0
19,3,0,-0.0005960906831879026,-0.0012860280745634611,-0.0014701807467917272,0.0020422105032013482,0.09568389505147934,601.0,49.25474807905228,1.3180198178873335,0.15155029560654362,0.13576990592816007,0.05782169845422997,-0.17297495928491458,0.8447067039348685,-0.23191796033203915,482.5,441.0
19,6,0,-0.0005960906788852055,-0.0012860280756968323,-0.0014698563485825433,0.0020419769818493866,0.09568389505147934,601.0,49.25474807905228,1.3180198178873335,0.11618837048837764,0.13164773809127095,0.05782169845422997,-0.17297495928491458,0.8447067039348685,-0.23191796033203915,482.5,441.0
19,9,0,-0.000596090674561088,-0.0012860280768357824,-0.0014698563178202617,0.00204197695916109,0.09568389505147934,601.0,49.25474807905228,1.3180198178873335,0.06368111521960312,0.0881067972851226,0.05782169845422997,-0.17297495928491458,0.8447067039348685,-0.23191796033203915,482.5,441.0
19,12,0,-0.0005960906702154808,-0.0012860280779805333,-0.0014698563135587817,0.002041976955545987,0.09568389505147934,601.0,49.25474807905228,1.3180198178873335,0.023451600331139768,0.03654860792128034,0.05782169845422997,-0.17297495928491458,0.8447067039348685,-0.23191796033203915,482.5,441.0
20,0,0,-0.009845711872731722,-0.0026813183455904888,-0.010120409053330115,0.01437185408212791,0.22914469242095947,556.5,51.415278527394165,1.3747329964695933,0.23758570296425707,0.16232810423802935,0.002081992552170517,-0.30535385980979834,0.8551204090533302,-2.0223168039613646,371.75,401.5
20,3,0,-0.010493020149828948,-0.003207506115805725,-0.01091813666632424,0.015478930053856477,0.1388094574213028,556.5,51.411543222317476,1.3747754836816313,0.15412182740818145,0.14106213854552696,0.0027293008274261264,-0.30482767204327965,0.854154659854401,-2.022746137973661,372.25,402.5
20,6,0,-0.010493020151813116,-0.003207506119788317,-0.010917812268115057,0.01547870124192076,0.1388094574213028,556.5,51.411543222317476,1.3747754836816313,0.10277427864859162,0.12415601525784814,0.0027293008274261264,-0.30482767204327965,0.854154659854401,-2.022746137973661,372.25,402.5
20,9,0,-0.010493020153807162,-0.0032075061237907265,-0.010917812237352775,0.01547870122240391,0.1388094574213028,556.5,51.411543222317476,1.3747754836816313,0.05754458439181911,0.07378342992751563,0.0027293008274261264,-0.30482767204327965,0.854154659854401,-2.022746137973661,372.25,402.5
20,12,0,-0.01049302015581112,-0.0032075061278129535,-0.010917812233091295,0.015478701221590072,0.1388094574213028,556.5,51.411543222317476,1.3747754836816313,0.02691176660320718,0.02556330034606813,0.0027293008274261264,-0.30482767204327965,0.854154659854401,-2.022746137973661,372.25,402.5
21,0,0,0.001141400843210738,0.00033885270602718176,0.0032507060611925986,0.003461893547978971,0.26939040422439575,807.5,43.07231518483106,1.2239037756098357,0.3344920533977695,0.17828546857251915,0.21210918844132048,-0.22858078649081884,0.8417492939388075,1.159471928889196,414.75,544.75
21,3,0,0.0004386695245942873,0.00034710684520697366,0.0022524690215521836,0.002320890089351404,0.2694486081600189,807.5,43.07090292801674,1.2240212469329506,0.2671316342248644,0.1775227469986813,0.21281191976164776,-0.2285890406262398,0.8409840541665246,1.1595984178002658,414.75,545.75
21,6,0,0.0004386695264375351,0.00034710684925670643,0.0022527934197613675,0.0023212049264005035,0.2694486081600189,807.5,43.07090292801674,1.2240212469329506,0.21197757110015453,0.18043071231445973,0.21281191976164776,-0.2285890406262398,0.8409840541665246,1.1595984178002658,414.75,545.75
21,9,0,0.0004386695282899977,0.00034710685332658975,0.002252793450523649,0.0023212049572148307,0.2694486081600189,807.5,43.07090292801674,1.2240212469329506,0.1562886517926635,0.14529866340737574,0.21281191976164776,-0.2285890406262398,0.8409840541665246,1.1595984178002658,414.75,545.75
21,12,0,0.0004386695301515642,0.0003471068574167069,0.002252793454785129,0.002321204962314146,0.2694486081600189,807.5,43.07090292801674,1.2240212469329506,0.10124531144260955,0.11057784542006555,0.21281191976164776,-0.2285890406262398,0.8409840541665246,1.1595984178002658,414.75,545.75
21,15,0,0.00043866953202248427,0.00034710686152711334,0.002252793459064484,0.00232120496743561,0.2694486081600189,807.5,43.07090292801674,1.2240212469329506,0.04814342108682392,0.06340477749685103,0.21281191976164776,-0.2285890406262398,0.8409840541665246,1.1595984178002658,414.75,545.75
22,0,0,0.008043451729828566,0.004904611316618679,0.009696844131515281,0.01351965657877775,0.11279022693634033,736.0,45.98999776787321,1.2848039351745115,0.3689084696584936,0.1880844310803066,0.16588219958406641,-0.3439452430330177,0.8353031558684848,1.5570269301586144,313.5,516.5
22,3,0,-0.008256508517499511,-0.0012271335542486383,-0.007854379871297001,0.011461547575355623,0.05851968005299568,747.5,47.111151905620396,1.261341168676457,0.2729986094112492,0.1693327947567077,0.18218215983159397,-0.33781349815802525,0.8510909030593737,1.5501525791866588,313.25,517.5
22,6,0,-0.0082565085172851,-0.0012271335498044156,-0.007854055473087818,0.011461325273256915,0.05851968005299568,747.5,47.111151905620396,1.261341168676457,0.2008069223715882,0.1735124613036073,0.18218215983159397,-0.33781349815802525,0.8510909030593737,1.5501525791866588,313.25,517.5
22,9,0,-0.008256508517068856,-0.0012271335453380439,-0.007854055442325536,0.01146132525154259,0.05851968005299568,747.5,47.111151905620396,1.261341168676457,0.14652327474531343,0.1410363956459294,0.18218215983159397,-0.33781349815802525,0.8510909030593737,1.5501525791866588,313.25,517.5
22,12,0,-0.008256508516852362,-0.0012271335408494677,-0.007854055438064056,0.011461325247985807,0.05851968005299568,747.5,47.111151905620396,1.261341168676457,0.0922483143830182,0.09612038194901595,0.18218215983159397,-0.33781349815802525,0.8510909030593737,1.5501525791866588,313.25,517.5
22,15,0,-0.008256508516633898,-0.0012271335363386315,-0.007854055433784701,0.01146132524441297,0.05851968005299568,747.5,47.111151905620396,1.261341168676457,0.04051028828220178,0.04418049134771973,0.18218215983159397,-0.33781349815802525,0.8510909030593737,1.5501525791866588,313.25,517.5
23,0,0,-0.011263941224938484,-0.0033731208988661554,-0.01103925813916895,0.01612822174886135,0.07924569398164749,781.0,46.76024247946982,1.2068898137237356,0.3383753846852119,0.1355364337966256,0.2238940733090859,-0.23468447975310056,0.856039258139169,1.8879903998910255,405.25,544.0
23,3,0,-0.0012020453427679934,-0.0002536394740065562,0.000725121035905496,0.0014265505618649501,0.12079743295907974,807.0,43.41760450347499,1.2239877958644823,0.27304341651843683,0.16478518661959718,0.21383217742563748,-0.23780396117403307,0.8425114021521712,1.896096115196981,405.5,545.5
23,6,0,-0.001202045344144892,-0.00025363946977549623,0.0007254454341146799,0.0014267154824583082,0.12079743295907974,807.0,43.41760450347499,1.2239877958644823,0.21791798722737737,0.17577556607378197,0.21383217742563748,-0.23780396117403307,0.8425114021521712,1.896096115196981,405.5,545.5
23,9,0,-0.001202045345528563,-0.0002536394655233698,0.0007254454648769615,0.0014267154985099216,0.12079743295907974,807.0,43.41760450347499,1.2239877958644823,0.1633383353489477,0.14248465527716803,0.21383217742563748,-0.23780396117403307,0.8425114021521712,1.896096115196981,405.5,545.5
23,12,0,-0.0012020453469191728,-0.0002536394612500936,0.0007254454691384415,0.001426715501088695,0.12079743295907974,807.0,43.41760450347499,1.2239877958644823,0.10746122939496586,0.11110111660877087,0.21383217742563748,-0.23780396117403307,0.8425114021521712,1.896096115196981,405.5,545.5
23,15,0,-0.0012020453483167215,-0.0002536394569555567,0.0007254454734177962,0.0014267155036786236,0.12079743295907974,807.0,43.41760450347499,1.2239877958644823,0.0540630297349331,0.06780840484264306,0.21383217742563748,-0.23780396117403307,0.8425114021521712,1.896096115196981,405.5,545.5
24,0,0,-0.00520756959072316,-0.0010051187715017784,-0.005237624961211496,0.00745397612159816,0.25719135999679565,657.0,49.1063501614576,1.3076160263181598,0.32553739463330467,0.17867043370353763,0.10980255227949016,-0.32838368537511575,0.8502376249612116,1.110947455093889,335.25,469.75
24,3,0,-0.006333993072195884,-0.0014118907977745954,-0.00657523298661733,0.009238321962984766,0.1327323615550995,661.5,48.859431679495664,1.3070405564276733,0.22572379591302785,0.16251096353442063,0.11092897576288215,-0.3279769133451861,0.8498117561746941,1.1311702933174854,335.5,470.75
24,6,0,-0.006333993070128052,-0.001411890793834969,-0.006574908588408146,0.009238091078359713,0.1327323615550995,661.5,48.859431679495664,1.3070405564276733,0.14998205616934063,0.15479018399399602,0.11092897576288215,-0.3279769133451861,0.8498117561746941,1.1311702933174854,335.5,470.75
24,9,0,-0.006333993068049895,-0.001411890789875525,-0.006574908557645864,0.009238091054435666,0.1327323615550995,661.5,48.859431679495664,1.3070405564276733,0.09619002040965736,0.11167646484749172,0.11092897576288215,-0.3279769133451861,0.8498117561746941,1.1311702933174854,335.5,470.75
24,12,0,-0.006333993065961427,-0.0014118907858964302,-0.006574908553384384,0.009238091049362624,0.1327323615550995,661.5,48.859431679495664,1.3070405564276733,0.0473273558256082,0.055101861722092194,0.11092897576288215,-0.3279769133451861,0.8498117561746941,1.1311702933174854,335.5,470.75
24,153,5,0.03231000297215714,-0.015264198266531248,0.018078365936079033,0.040046964375587336,0.14131629467010498,460.0,69.77948371916456,1.094427055042913,0.01000539160704604,0.02584628008668255,0.16823833270454686,0.17405409240326056,1.060327410617568,0.9369056323903566,822.25,352.25
24,156,6,0.03091603805376128,-0.014269359890722838,0.023743024410202374,0.041510808818620376,0.09313415735960007,477.0,64.4434711400469,1.195998689863422,0.10421359965256159,0.1811570904708918,0.17001314782286409,0.17431480704075744,0.9067034688708516,0.9184925112040305,806.0,471.5
25,0,0,-0.0024139433071246608,-0.0001563712924343985,-0.0013527669740576176,0.0027715614294492106,0.14393752813339233,772.5,44.79319246708427,1.2402941785470663,0.33165255303798874,0.1487689056578081,0.19099623836888574,-0.25935350633644283,0.8463527669740577,-1.917945601814819,387.5,526.75
25,3,0,-0.0054501860241660816,-0.0011582473642415825,-0.004864988605753573,0.007396903324290507,0.15577922761440277,780.0,44.570189173586954,1.2368306632024073,0.25314879673176566,0.15514574107942758,0.19403248108455068,-0.2583516302685292,0.8481015117938303,-1.8981933044986838,387.75,527.75
25,6,0,-0.005450186025649145,-0.0011582473684365602,-0.004864664207544389,0.00739668997138821,0.15577922761440277,780.0,44.570189173586954,1.2368306632024073,0.19386910206444807,0.16583856443172829,0.19403248108455068,-0.2583516302685292,0.8481015117938303,-1.8981933044986838,387.75,527.75
25,9,0,-0.005450186027139564,-0.0011582473726524656,-0.0048646641767821075,0.007396689952914805,0.15577922761440277,780.0,44.570189173586954,1.2368306632024073,0.14043890357627864,0.13908566907000774,0.19403248108455068,-0.2583516302685292,0.8481015117938303,-1.8981933044986838,387.75,527.75
25,12,0,-0.005450186028637366,-0.0011582473768893542,-0.0048646641725206274,0.007396689951879206,0.15577922761440277,780.0,44.570189173586954,1.2368306632024073,0.08586282344561241,0.09903295773623455,0.19403248108455068,-0.2583516302685292,0.8481015117938303,-1.8981933044986838,387.75,527.75
25,15,0,-0.005450186030142634,-0.0011582473811472815,-0.004864664168241162,0.007396689950840574,0.15577922761440277,780.0,44.570189173586954,1.2368306632024073,0.03541723743435508,0.04933707712531832,0.19403248108455068,-0.2583516302685292,0.8481015117938303,-1.8981933044986838,387.75,527.75
26,0,0,-0.020179424278407326,-0.004990868913468491,-0.019985632617826155,0.028836495068820654,0.18178199231624603,698.0,47.76532728407439,1.231562378559064,0.2392119006470424,0.1399658985490142,0.15057441703079683,-0.10941499351834415,0.8649856326178262,0.024201324552647254,532.25,486.75
26,3,0,-0.020921656336446354,-0.004990148051012708,-0.020993485879626905,0.03005567718101667,0.1817445605993271,698.0,47.764950014929234,1.2315939694138018,0.2178168870100745,0.11984624381061615,0.15131664909296544,-0.10941571438075552,0.8642300090677036,0.024254927164755642,532.25,487.75
26,6,0,-0.02092165633199719,-0.004990148050964829,-0.02099316148141772,0.030055450591026364,0.1817445605993271,698.0,47.764950014929234,1.2315939694138018,0.16174927639472872,0.11022786770117998,0.15131664909296544,-0.10941571438075552,0.8642300090677036,0.024254927164755642,532.25,487.75
26,9,0,-0.020921656327525767,-0.004990148050916951,-0.02099316145065544,0.030055450566418975,0.1817445605993271,698.0,47.764950014929234,1.2315939694138018,0.10116541051308756,0.0796811318354298,0.15131664909296544,-0.10941571438075552,0.8642300090677036,0.024254927164755642,532.25,487.75
26,12,0,-0.02092165632303203,-0.004990148050869073,-0.02099316144639396,0.030055450560306365,0.1817445605993271,698.0,47.764950014929234,1.2315939694138018,0.05117520378256277,0.048593954369692716,0.15131664909296544,-0.10941571438075552,0.8642300090677036,0.024254927164755642,532.25,487.75
26,15,0,-0.020921656318516002,-0.004990148050820403,-0.020993161442114605,0.030055450554165624,0.1817445605993271,698.0,47.764950014929234,1.2315939694138018,0.014526765216836006,0.0011168564047026042,0.15131664909296544,-0.10941571438075552,0.8642300090677036,0.024254927164755642,532.25,487.75
27,0,0,-0.003669810933875778,0.0006618954160284574,-0.004584058314353712,0.005909247706903907,0.24633346498012543,589.0,51.77902531680699,1.3739915403868606,0.33970513948290104,0.15208222794371096,0.04855191283930544,-0.4145484560956224,0.8495840583143538,-2.698075813438478,269.25,432.25
27,3,0,0.005458199626229447,0.004778705764000635,0.003973040581531806,0.008271216561133117,0.09471255540847778,603.0,49.80644306330127,1.3883184249160607,0.232104905755039,0.16780197314743261,0.03942390227548693,-0.41866526644540225,0.8392634826065449,-2.6867868520422173,269.5,433.5
27,6,0,0.005458199622228765,0.0047787057620530815,0.00397336497974099,0.008271372385439412,0.09471255540847778,603.0,49.80644306330127,1.3883184249160607,0.14189476768436968,0.1695065418464966,0.03942390227548693,-0.41866526644540225,0.8392634826065449,-2.6867868520422173,269.5,433.5
27,9,0,0.005458199618208176,0.004778705760096036,0.003973365010503271,0.008271372396433047,0.09471255540847778,603.0,49.80644306330127,1.3883184249160607,0.08771636665171474,0.12157810454742934,0.03942390227548693,-0.41866526644540225,0.8392634826065449,-2.6867868520422173,269.5,433.5
27,12,0,0.005458199614167603,0.004778705758129276,0.0039733650147647515,0.008271372394677545,0.09471255540847778,603.0,49.80644306330127,1.3883184249160607,0.036809121442600776,0.05722985464821062,0.03942390227548693,-0.41866526644540225,0.8392634826065449,-2.6867868520422173,269.5,433.5
27,90,2,-0.0027870855168362074,0.009341900355673014,-0.0065873165770993225,0.011765699623074237,0.17883212864398956,513.5,70.79114810856849,0.984033538574062,0.21081212842814775,0.30436967141479887,0.36969948776971223,-0.022623464729099336,0.9946646783285732,-2.1571881224958718,607.75,562.75
27,93,0,0.008088302832424954,0.009675471335058411,0.014204091290645704,0.018994514936095306,0.1749316304922104,484.5,60.72358502846021,1.3396027078101465,0.377500941256533,0.7175746895713525,0.3831754595009332,-0.01874994312965863,0.5610040619737063,-2.2259223384613636,618.75,830.75
28,0,0,-0.015334819041052494,-0.004760496276847714,-0.015223534502887048,0.02212634182562268,0.08757949620485306,780.0,47.78163460381801,1.2253801463916847,0.4053045920954698,0.1403375750476824,0.22115641156732208,-0.32133628705093575,0.8602235345028871,2.4388225194172315,320.0,539.25
28,3,0,-0.016002735184011935,-0.004739372528949182,-0.01620853217218543,0.02326511767678259,0.08752163499593735,780.0,47.77722421377545,1.2255268548034934,0.30124219312830564,0.15483778153193484,0.22182432770705257,-0.32135741079625957,0.8594450553602622,2.4389404515324467,320.0,540.25
28,6,0,-0.01600273518749082,-0.0047393725261750674,-0.016208207773976246,0.023264891675380824,0.08752163499593735,780.0,47.77722421377545,1.2255268548034934,0.2227232393181079,0.17099059636204972,0.22182432770705257,-0.32135741079625957,0.8594450553602622,2.4389404515324467,320.0,540.25
28,9,0,-0.016002735190987105,-0.004739372523387242,-0.016208207743213965,0.023264891655786324,0.08752163499593735,780.0,47.77722421377545,1.2255268548034934,0.16868184816252577,0.14397903265071466,0.22182432770705257,-0.32135741079625957,0.8594450553602622,2.4389404515324467,320.0,540.25
28,12,0,-0.01600273519450074,-0.004739372520585539,-0.016208207738952485,0.023264891654663538,0.08752163499593735,780.0,47.77722421377545,1.2255268548034934,0.1132043838425582,0.10251688709512896,0.22182432770705257,-0.32135741079625957,0.8594450553602622,2.4389404515324467,320.0,540.25
28,15,0,-0.016002735198031692,-0.004739372517769791,-0.01620820773467313,0.023264891653537352,0.08752163499593735,780.0,47.77722421377545,1.2255268548034934,0.05877411153848476,0.059467733533548506,0.22182432770705257,-0.32135741079625957,0.8594450553602622,2.4389404515324467,320.0,540.25
29,0,0,0.016798635524198913,0.007392819131760209,0.015605770618933867,0.024091243363524785,0.10451892763376236,630.0,48.12580455247366,1.3518445694560024,0.31109173176695054,0.18781273311305668,0.07200245120503675,-0.34465824304859344,0.8293942293810662,-2.886427759097508,330.5,459.5
29,3,0,0.011520436030125952,0.005245923810563657,0.010709703747172727,0.016581251982364556,0.29315492510795593,646.5,47.21347778947743,1.3455415482063828,0.2097113094269457,0.17469647028934887,0.07728065069514885,-0.34251134772856595,0.832526819440904,-2.889262062254248,331.0,460.75
29,6,0,0.011520436025858477,0.005245923809304165,0.010710028145381911,0.01658146150717104,0.29315492510795593,646.5,47.21347778947743,1.3455415482063828,0.1349395215152991,0.16888016490144897,0.07728065069514885,-0.34251134772856595,0.832526819440904,-2.889262062254248,331.0,460.75
29,9,0,0.011520436021569769,0.005245923808038289,0.010710028176144193,0.016581461523660322,0.29315492510795593,646.5,47.21347778947743,1.3455415482063828,0.08054635820684393,0.11793584755556175,0.07728065069514885,-0.34251134772856595,0.832526819440904,-2.889262062254248,331.0,460.75
29,12,0,0.011520436017259744,0.005245923806766251,0.010710028180405673,0.01658146152301588,0.29315492510795593,646.5,47.21347778947743,1.3455415482063828,0.033464387585781755,0.060716693211062545,0.07728065069514885,-0.34251134772856595,0.832526819440904,-2.889262062254248,331.0,460.75
30,0,0,0.029715544131676104,0.007626865095414798,0.026910739091960734,0.04080895137957885,0.16916890442371368,600.0,46.70072614098676,1.3715089124187192,0.23782909153853105,0.1758804625818724,0.02629164919815547,-0.2539116357865583,0.8180892609080394,1.8568273385917957,417.75,439.25
30,3,0,-0.005740875765358956,-0.0013912282604310044,-0.0058991833399968385,0.00834826537100995,0.27636873722076416,606.5,49.63898377687155,1.3235731971538471,0.15588002040283508,0.1303386682477583,0.061748069093891696,-0.24489354242679226,0.8491357065280736,1.8581600173935486,417.75,440.5
30,6,0,-0.005740875766758316,-0.0013912282562073552,-0.005898858941787655,0.008348036143029737,0.27636873722076416,606.5,49.63898377687155,1.3235731971538471,0.10598974925642983,0.11348482815463312,0.061748069093891696,-0.24489354242679226,0.8491357065280736,1.8581600173935486,417.75,440.5
30,9,0,-0.0057408757681646425,-0.0013912282519626396,-0.005898858911025373,0.008348036121552329,0.27636873722076416,606.5,49.63898377687155,1.3235731971538471,0.059013094870219523,0.07003210066714904,0.061748069093891696,-0.24489354242679226,0.8491357065280736,1.8581600173935486,417.75,440.5
30,12,0,-0.005740875769577949,-0.0013912282476968574,-0.005898858906763893,0.00834803611880211,0.27636873722076416,606.5,49.63898377687155,1.3235731971538471,0.021574873226564473,0.024193496232770006,0.061748069093891696,-0.24489354242679226,0.8491357065280736,1.8581600173935486,417.75,440.5
30,141,6,-0.0154058399649869,-0.005632069721659028,-0.015716271935523274,0.022716983028732766,0.17418484389781952,855.0,53.72344455230682,1.057279608124439,0.02958308911822544,0.02129707071347231,0.21565950748069168,0.16494136456017958,1.060475157947618,1.8558468263564174,818.0,385.25
31,0,0,-0.003417140649234318,-0.003090556553335219,-0.0037842786697817044,0.005962311219365993,0.10080761462450027,618.0,49.18625769346975,1.2885052041248375,0.20389388480566176,0.16049920940913898,0.08414595642326879,-0.09626658583431018,0.8487842786697818,-1.252517084482767,549.0,454.5
31,3,0,-0.0052442288183520425,-0.0031801019114837265,-0.005377646342680453,0.008156841561143687,0.16195058822631836,637.0,47.775929138957686,1.287319584911051,0.17688431216195255,0.14651966808112737,0.08597304459369066,-0.09617704048008013,0.8486141695307572,-1.2526174438336728,549.0,455.75
31,6,0,-0.00524422881694693,-0.003180101915705516,-0.005377321944471269,0.008156627696129251,0.16195058822631836,637.0,47.775929138957686,1.287319584911051,0.12587129870156213,0.13542044302911238,0.08597304459369066,-0.09617704048008013,0.8486141695307572,-1.2526174438336728,549.0,455.75
31,9,0,-0.00524422881553481,-0.0031801019199483027,-0.005377321913708988,0.008156627676595236,0.16195058822631836,637.0,47.775929138957686,1.287319584911051,0.07480186941486036,0.0973996266837116,0.08597304459369066,-0.09617704048008013,0.8486141695307572,-1.2526174438336728,549.0,455.75
31,12,0,-0.005244228814115681,-0.0031801019242121836,-0.005377321909447508,0.008156627674535805,0.16195058822631836,637.0,47.775929138957686,1.287319584911051,0.030921032570363646,0.04816321564795134,0.08597304459369066,-0.09617704048008013,0.8486141695307572,-1.2526174438336728,549.0,455.75
31,117,5,-0.006953806122514811,-0.013834215412604683,-0.009785789257371169,0.018316730250280872,0.19880609214305878,537.5,66.00617430143095,1.0982768637947091,0.10082002918180752,0.1608894968243404,0.1972176294250108,0.168815019723222,1.019757557959967,-0.98186248274847,815.25,405.75
31,120,6,-0.004335448805001807,-0.008331290320868934,-0.00454968885494389,0.010435812542787295,0.22598032653331757,738.0,47.058720726188575,1.2167617968479725,0.20215918005151554,0.33070635497693324,0.1964144320086903,0.1568530204009693,0.8499129846643251,-0.9922866122677076,786.25,528.25
32,0,0,-4.700895922155057e-05,-0.0003479146957453272,0.000936655392408392,0.0010002888592253619,0.3390173017978668,727.5,45.898406740742466,1.2540236768505655,0.290200513869422,0.16884534111486238,0.1642749901176535,-0.23112305461675675,0.8440633446075917,0.06190406472680835,418.25,509.75
32,3,0,0.009397553336418701,0.002216894681463799,0.010650394477388025,0.014375657663686698,0.20413856208324432,715.5,45.541979948630996,1.2690822805242343,0.23923298823520273,0.16492002375445336,0.15483042782614137,-0.23368786399384778,0.8325861287106887,0.04470881911755458,418.5,510.75
32,6,0,0.009397553340866338,0.002216894681590781,0.01065071887559721,0.01437589800293172,0.20413856208324432,715.5,45.541979948630996,1.2690822805242343,0.18496407464804862,0.16610654332978436,0.15483042782614137,-0.23368786399384778,0.8325861287106887,0.04470881911755458,418.5,510.75
32,9,0,0.009397553345336096,0.00221689468171804,0.010650718906359491,0.014375898028664189,0.20413856208324432,715.5,45.541979948630996,1.2690822805242343,0.13177502505373,0.1331539049999101,0.15483042782614137,-0.23368786399384778,0.8325861287106887,0.04470881911755458,418.5,510.75
32,12,0,0.009397553349828058,0.0022168946818471036,0.010650718910620971,0.014375898034777712,0.20413856208324432,715.5,45.541979948630996,1.2690822805242343,0.07713195062704715,0.09898316477409808,0.15483042782614137,-0.23368786399384778,0.8325861287106887,0.04470881911755458,418.5,510.75
32,15,0,0.009397553354342308,0.002216894681976167,0.010650718914900437,0.01437589804091913,0.20413856208324432,715.5,45.541979948630996,1.2690822805242343,0.026314613313103086,0.05148781488733323,0.15483042782614137,-0.23368786399384778,0.8325861287106887,0.04470881911755458,418.5,510.75
33,0,0,0.0007668086219845202,-0.002072485239530311,-0.0008050701407675831,0.0023518776461322016,0.10102864354848862,570.0,49.82658615008784,1.3374240920744722,0.1635496625153393,0.15032094451836842,0.021943097621769554,-0.12057954465159117,0.8458050701407677,-3.072300658981341,531.0,419.0
33,3,0,-0.00033266566512678633,-0.0026832975908693824,-0.00201345508793338,0.003371165050400899,0.252983957529068,570.0,49.811411016081586,1.3369408793397808,0.14128952432525876,0.12828222559426328,0.02304257190476406,-0.11996873230057954,0.8452499782760101,-3.072677557166805,531.5,420.0
33,6,0,-0.00033266566956224874,-0.0026832975912221974,-0.0020131306897241963,0.0033709713117547535,0.252983957529068,570.0,49.811411016081586,1.3369408793397808,0.09728799480173903,0.10958425700529562,0.02304257190476406,-0.11996873230057954,0.8452499782760101,-3.072677557166805,531.5,420.0
33,9,0,-0.0003326656740197907,-0.0026832975915767054,-0.0020131306589619147,0.0033709712941057245,0.252983957529068,570.0,49.811411016081586,1.3369408793397808,0.04543016728840265,0.06602207075309996,0.02304257190476406,-0.11996873230057954,0.8452499782760101,-3.072677557166805,531.5,420.0
34,0,0,-0.006691743628986113,-0.0005843665425623867,-0.005798576284053669,0.008873804368709748,0.0984743982553482,782.0,46.35957006452944,1.2559882541374932,0.39144662503748706,0.15799086795045914,0.20250981228804438,-0.3646267881296066,0.8507985762840538,2.8089461539121348,283.5,532.0
34,3,0,-0.006724981551990972,-0.0005223503133806595,-0.00606516796444978,0.00907107982334494,0.1156998872756958,775.0,46.73360103976505,1.2570572597766194,0.2879199966772538,0.16205588310658137,0.20254305020719504,-0.3646888043573046,0.8493016911525265,2.7892893576351003,283.75,533.0
34,6,0,-0.006724981556143456,-0.0005223503117823269,-0.006064843566240596,0.009070862928170545,0.1156998872756958,775.0,46.73360103976505,1.2570572597766194,0.21052574887304126,0.17847624339429335,0.20254305020719504,-0.3646888043573046,0.8493016911525265,2.7892893576351003,283.75,533.0
34,9,0,-0.00672498156031659,-0.0005223503101760563,-0.006064843535478315,0.009070862910604056,0.1156998872756958,775.0,46.73360103976505,1.2570572597766194,0.15681312561442312,0.152893336834672,0.20254305020719504,-0.3646888043573046,0.8493016911525265,2.7892893576351003,283.75,533.0
34,12,0,-0.006724981564510457,-0.000522350308561792,-0.006064843531216835,0.009070862910771103,0.1156998872756958,775.0,46.73360103976505,1.2570572597766194,0.10200919488200977,0.10281772595372785,0.20254305020719504,-0.3646888043573046,0.8493016911525265,2.7892893576351003,283.75,533.0
34,15,0,-0.006724981568725197,-0.0005223503069395341,-0.00606484352693748,0.009070862910941212,0.1156998872756958,775.0,46.73360103976505,1.2570572597766194,0.04828893504299834,0.058235378032936214,0.20254305020719504,-0.3646888043573046,0.8493016911525265,2.7892893576351003,283.75,533.0
35,0,0,-0.0006902528737190161,0.001413163014294505,-0.00013660629235734412,0.0015786513274814397,0.13500364124774933,732.0,46.74200781601799,1.287863226471596,0.35826988160151857,0.1787900870768938,0.15978082934049115,-0.3658492504870877,0.8451366062923574,-0.42047154631872025,292.25,506.0
35,3,0,-0.001676446723647973,0.0013859342839033229,-0.001004327151205242,0.0023958214631263066,0.16165347397327423,721.0,47.55502411351028,1.2878421402313935,0.2544744960580379,0.18670773871982838,0.1607670231942087,-0.3658220217583402,0.844240850339282,-0.3745084203954296,292.25,507.25
35,6,0,-0.0016764467195660993,0.0013859342821325726,-0.0010040027529960582,0.002395685489783233,0.16165347397327423,721.0,47.55502411351028,1.2878421402313935,0.18766835062734094,0.19499193395282255,0.1607670231942087,-0.3658220217583402,0.844240850339282,-0.3745084203954296,292.25,507.25
35,9,0,-0.0016764467154638807,0.0013859342803529406,-0.0010040027222337766,0.0023956854729909544,0.16165347397327423,721.0,47.55502411351028,1.2878421402313935,0.13440764422467627,0.15898041773093818,0.1607670231942087,-0.3658220217583402,0.844240850339282,-0.3745084203954296,292.25,507.25
35,12,0,-0.0016764467113412618,0.0013859342785643158,-0.0010040027179722966,0.0023956854672853617,0.16165347397327423,721.0,47.55502411351028,1.2878421402313935,0.07973673554134685,0.10048182282867779,0.1607670231942087,-0.3658220217583402,0.844240850339282,-0.3745084203954296,292.25,507.25
35,15,0,-0.0016764467071981592,0.0013859342767668648,-0.001004002713692831,0.0023956854615527915,0.16165347397327423,721.0,47.55502411351028,1.2878421402313935,0.02972824931149889,0.043944185701597416,0.1607670231942087,-0.3658220217583402,0.844240850339282,-0.3745084203954296,292.25,507.25
35,183,6,0.018974917402500985,-0.01203157578449357,0.019053599733755644,0.0294592255346932,0.2908841073513031,627.0,52.81012856605395,1.2510525065877993,0.5641172579957774,0.8726490405144831,0.18503968974744273,0.20619548936401363,0.8234712702141365,0.05070422143983591,829.5,537.25
36,0,0,-0.011050384896432952,-0.003334619620415896,-0.01023729991889022,0.015428318249293598,0.2613028287887573,790.5,45.34075487049962,1.213356093738989,0.33081981664942794,0.15269316436336589,0.2138787490277399,-0.23161627647233446,0.8552372999188903,2.160677167643694,409.75,537.25
36,3,0,0.002787705020130371,0.0007095512983990582,0.004789693364593006,0.005587121338502157,0.11749456822872162,774.0,44.562413764834254,1.2354756070440625,0.25739710105046504,0.17065534419943384,0.200040659108826,-0.23566044738775396,0.8384468298234837,2.152297191023149,410.0,538.25
36,6,0,0.0027877050175978413,0.0007095513020574928,0.00479001776280219,0.005587399438321209,0.11749456822872162,774.0,44.562413764834254,1.2354756070440625,0.20128292955730556,0.1768921054419743,0.200040659108826,-0.23566044738775396,0.8384468298234837,2.152297191023149,410.0,538.25
36,9,0,0.0027877050150526828,0.0007095513057341074,0.004790017793564472,0.005587399463890434,0.11749456822872162,774.0,44.562413764834254,1.2354756070440625,0.14632771205991218,0.14382682762849042,0.200040659108826,-0.23566044738775396,0.8384468298234837,2.152297191023149,410.0,538.25
36,12,0,0.0027877050124948677,0.0007095513094290407,0.004790017797825952,0.005587399466736816,0.11749456822872162,774.0,44.562413764834254,1.2354756070440625,0.09192768832278142,0.10807630106985955,0.200040659108826,-0.23566044738775396,0.8384468298234837,2.152297191023149,410.0,538.25
36,15,0,0.0027877050099243683,0.0007095513131423203,0.004790017802105306,0.005587399469594524,0.11749456822872162,774.0,44.562413764834254,1.2354756070440625,0.0393789192188818,0.05986694689006611,0.200040659108826,-0.23566044738775396,0.8384468298234837,2.152297191023149,410.0,538.25
37,0,0,-0.009465205390669723,-0.003311385783376558,-0.00924782329183571,0.013641027253507364,0.15148930251598358,784.5,44.28045933381856,1.2145239030987487,0.3047167148516694,0.16209902710118285,0.19900218115424767,-0.17634864140432702,0.8542478232918358,-2.547681749624951,465.25,527.25
37,3,0,-0.012005288481256288,-0.003630515905730297,-0.011475486180676286,0.01699983471516232,0.14845745265483856,755.0,46.568272614370926,1.2124610223855505,0.24460891690615408,0.1634076138674918,0.20154226424144567,-0.17602951128433403,0.854712009368753,-2.542401993782666,465.25,528.75
37,6,0,-0.012005288484907145,-0.0036305159082737626,-0.011475161782467103,0.0169996157397709,0.14845745265483856,755.0,46.568272614370926,1.2124610223855505,0.19338483813494603,0.16206236243690686,0.20154226424144567,-0.17602951128433403,0.854712009368753,-2.542401993782666,465.25,528.75
37,9,0,-0.012005288488576155,-0.0036305159108298846,-0.011475161751704821,0.016999615722142584,0.14845745265483856,755.0,46.568272614370926,1.2124610223855505,0.1365102605505045,0.13196614839163356,0.20154226424144567,-0.17602951128433403,0.854712009368753,-2.542401993782666,465.25,528.75
37,12,0,-0.0120052884922634,-0.003630515913398691,-0.011475161747443341,0.01699961572241855,0.14845745265483856,755.0,46.568272614370926,1.2124610223855505,0.0833719406490556,0.0917402565890928,0.20154226424144567,-0.17602951128433403,0.854712009368753,-2.542401993782666,465.25,528.75
37,15,0,0.00962994467738748,0.0011407712097131206,0.01160943958563243,0.015126674483669672,0.24443329870700836,758.5,43.41541448632299,1.2444475175999457,0.032102422449511385,0.060592144316643615,0.1799070310680892,-0.18080079841002744,0.8316274080399567,-2.5360102218926754,465.25,528.5
37,102,6,-0.005267246233706807,0.002630146868918354,-0.010696177259793993,0.012209412901999575,0.12373729795217514,604.5,64.42291190713252,1.0617504442497414,0.05780059190460614,0.07659587885987817,0.22205990751495125,0.1564055248995205,1.0445494133890154,-2.1370025421416847,807.5,403.25
38,0,0,0.0013452646957510805,-0.0006694029329651907,0.001942963331948544,0.0024562051823073,0.08515766263008118,709.0,45.25079043261201,1.2635323342642413,0.25666381472105654,0.17385426409403826,0.1383456993013536,-0.17753953667122443,0.8430570366680515,-0.19734358186608267,471.25,493.0
38,3,0,0.01852162202351061,0.002789536355183392,0.019275419862259557,0.02687701260045605,0.09687797725200653,696.0,44.030970629662875,1.2894385646215973,0.21781816935356893,0.1844184576834842,0.12116934197765712,-0.18099847596011262,0.8239611033258172,-0.18907368305826236,471.5,494.0
38,6,0,0.018521622027888193,0.0027895363543865848,0.01927574426046874,0.026877245253399597,0.09687797725200653,696.0,44.030970629662875,1.2894385646215973,0.17036035190796567,0.1816360873298979,0.12116934197765712,-0.18099847596011262,0.8239611033258172,-0.18907368305826236,471.5,494.0
38,9,0,0.018521622032287507,0.0027895363535858364,0.019275744291231023,0.026877245278410143,0.09687797725200653,696.0,44.030970629662875,1.2894385646215973,0.11374989695110589,0.15127251865376468,0.12116934197765712,-0.18099847596011262,0.8239611033258172,-0.18907368305826236,471.5,494.0
38,12,0,0.01852162203670875,0.002789536352781119,0.019275744295492503,0.02687724528442962,0.09687797725200653,696.0,44.030970629662875,1.2894385646215973,0.06157789300823357,0.10580840718675599,0.12116934197765712,-0.18099847596011262,0.8239611033258172,-0.18907368305826236,471.5,494.0
38,15,0,0.018521622041151917,0.002789536351972377,0.019275744299771858,0.02687724529047661,0.09687797725200653,696.0,44.030970629662875,1.2894385646215973,0.014032110630205666,0.0490315662326527,0.12116934197765712,-0.18099847596011262,0.8239611033258172,-0.18907368305826236,471.5,494.0
39,0,0,-0.006045181772841621,-0.0031956749185814703,-0.0064832119979918446,0.009422770222331258,0.3145003318786621,627.0,48.93263474973281,1.2849084198099405,0.2106982412460756,0.16102743600207037,0.08857307981826175,-0.11383408164984801,0.8514832119979919,-1.0152397331748424,532.75,455.5
39,3,0,-0.00573590961214876,-0.0030053119746627083,-0.005653834547350911,0.008596418104804483,0.1358557939529419,627.0,48.744474450169186,1.2869588360825215,0.18505939129577478,0.14508692951019797,0.08826380765981152,-0.11402444459723453,0.8488903577354276,-1.0165381836893654,532.75,457.0
39,6,0,-0.005735909609732512,-0.003005311978398928,-0.005653510149141727,0.00859620475238802,0.1358557939529419,627.0,48.744474450169186,1.2869588360825215,0.13199100408194736,0.13500769283676484,0.08826380765981152,-0.11402444459723453,0.8488903577354276,-1.0165381836893654,532.75,457.0
39,9,0,-0.005735909607304246,-0.0030053119821537577,-0.005653510118379446,0.008596204731848868,0.1358557939529419,627.0,48.744474450169186,1.2869588360825215,0.07766207235661234,0.09791357127817513,0.08826380765981152,-0.11402444459723453,0.8488903577354276,-1.0165381836893654,532.75,457.0
39,12,0,-0.005735909604863906,-0.003005311985927267,-0.0056535101141179656,0.008596204728737109,0.1358557939529419,627.0,48.744474450169186,1.2869588360825215,0.034609989697510266,0.049838455454158326,0.08826380765981152,-0.11402444459723453,0.8488903577354276,-1.0165381836893654,532.75,457.0
40,0,0,-0.0034234309495002335,-0.0024783811494400454,-0.0034761563173081322,0.005472286115533165,0.10927661508321762,704.5,46.408781285270045,1.2487403576072804,0.25591354213799494,0.15695821581684233,0.14890318006350162,-0.1491356532916396,0.8484761563173082,1.9934607702582687,496.25,496.5
40,3,0,0.003799519418524522,-0.0012950474080788699,0.004107418692573139,0.005743203280140444,0.13983778655529022,719.5,44.23558042300516,1.2605532175347254,0.2084236588925179,0.1533123424532027,0.1416802296937975,-0.15031898702922789,0.8391291044955036,2.010531814481554,496.5,497.75
40,6,0,0.003799519416715247,-0.0012950474040138715,0.004107743090782323,0.00574343528530697,0.13983778655529022,719.5,44.23558042300516,1.2605532175347254,0.15672912652860116,0.14421077607849808,0.1416802296937975,-0.15031898702922789,0.8391291044955036,2.010531814481554,496.5,497.75
40,9,0,0.0037995194148969236,-0.0012950473999286394,0.004107743121544605,0.005743435305184311,0.13983778655529022,719.5,44.23558042300516,1.2605532175347254,0.1013706892266897,0.11254267356397196,0.1416802296937975,-0.15031898702922789,0.8391291044955036,2.010531814481554,496.5,497.75
40,12,0,0.0037995194130695242,-0.001295047395823118,0.004107743125806085,0.005743435306097525,0.13983778655529022,719.5,44.23558042300516,1.2605532175347254,0.050206923347328306,0.0707611189324544,0.1416802296937975,-0.15031898702922789,0.8391291044955036,2.010531814481554,496.5,497.75
40,150,6,0.038586091728317784,-0.014460077484775485,0.021660648182024733,0.046552808673562505,0.1977899819612503,522.0,67.6443958388513,1.0841573453790845,0.24388332115043554,0.3378700359057265,0.15910194035752095,0.1747085868329117,1.0883622497803016,2.2687975232128665,825.25,322.0
41,0,0,0.003962366045953602,0.002414426307730644,0.002106163368442604,0.0050956572895120514,0.21661783754825592,550.0,51.76164996997048,1.3903829672044254,0.2745879310165748,0.15978768246341168,0.004370348672539335,-0.3450286962974614,0.8428938366315575,0.12329211609760203,339.0,410.75
41,3,0,0.017157033910855157,0.0070524591654130275,0.013981246279154202,0.023228780433255967,0.27093979716300964,556.0,50.00097674393951,1.4098809075816932,0.1811274597562342,0.1709491565680843,-0.008824319188281018,-0.34966672915451186,0.8292552769089225,0.13274534688830705,339.25,412.0
41,6,0,0.017157033915252248,0.007052459166093705,0.013981570677363386,0.023228975691249123,0.27093979716300964,556.0,50.00097674393951,1.4098809075816932,0.11055365013045443,0.15476643490616548,-0.008824319188281018,-0.34966672915451186,0.8292552769089225,0.13274534688830705,339.25,412.0
41,9,0,0.01715703391967123,0.007052459166777603,0.013981570708125668,0.023228975713236524,0.27093979716300964,556.0,50.00097674393951,1.4098809075816932,0.06449840751629668,0.11082687863438778,-0.008824319188281018,-0.34966672915451186,0.8292552769089225,0.13274534688830705,339.25,412.0
41,12,0,0.017157033924112178,0.00705245916746472,0.013981570712387148,0.023228975719290234,0.27093979716300964,556.0,50.00097674393951,1.4098809075816932,0.0270263168219365,0.05777122364648857,-0.008824319188281018,-0.34966672915451186,0.8292552769089225,0.13274534688830705,339.25,412.0
41,150,6,0.007979081308396335,-0.01146898153114273,0.00296735672949211,0.014283153778061585,0.3215286135673523,550.5,61.035107735915304,1.1809385375882921,0.1711348524001722,0.24174458721350212,0.19054349863217074,0.1681983518308806,0.906729393138891,-0.748731708699124,802.0,485.75
42,0,0,-0.007064402587237034,-0.002070546631081166,-0.006464963177916894,0.00979738210737257,0.08891794830560684,714.0,47.207680943381085,1.252526136311704,0.2932317334552465,0.1747454591595612,0.16070404437792812,-0.23882798961490376,0.851464963177917,-0.8793003882150919,410.5,502.5
42,3,0,-0.014428267563263125,-0.004219790079544344,-0.014347790689381745,0.020780775511487562,0.23745065927505493,715.5,47.85277797187251,1.2427926573520982,0.220341626035318,0.1605229946515162,0.16806790935659727,-0.23667874616961382,0.8575843138774585,-0.898701997449012,410.75,503.5
42,6,0,-0.014428267560415597,-0.004219790082963276,-0.014347466291172561,0.020780551535403223,0.23745065927505493,715.5,47.85277797187251,1.2427926573520982,0.1686826856457293,0.1597953187805473,0.16806790935659727,-0.23667874616961382,0.8575843138774585,-0.898701997449012,410.75,503.5
42,9,0,-0.014428267557553859,-0.004219790086399278,-0.01434746626041028,0.020780551512874872,0.23745065927505493,715.5,47.85277797187251,1.2427926573520982,0.11443876251991726,0.12185317443943322,0.16806790935659727,-0.23667874616961382,0.8575843138774585,-0.898701997449012,410.75,503.5
42,12,0,-0.014428267554677937,-0.004219790089852349,-0.0143474662561488,0.020780551508637026,0.23745065927505493,715.5,47.85277797187251,1.2427926573520982,0.06162198527315177,0.06948823905561363,0.16806790935659727,-0.23667874616961382,0.8575843138774585,-0.898701997449012,410.75,503.5
43,0,0,3.331982311140236e-05,-0.0020503799949833784,-0.0005484788596390455,0.0021227334721794825,0.07537127286195755,623.0,47.976987323261085,1.3031024260715427,0.19691958223707018,0.16476933503979707,0.07021341607006455,-0.12466068780625651,0.8455484788596391,-0.5515553025167645,524.5,448.0
43,3,0,0.0014264742476412379,-0.002028369223932333,0.000546039431885692,0.0025391474059127685,0.15436318516731262,620.0,47.962100440692325,1.3060827074527734,0.18081304587130007,0.15145045482584762,0.06882026164896611,-0.12468269857960552,0.842690483756191,-0.5744369226931189,524.75,449.0
43,6,0,0.0014264742513382667,-0.002028369226408158,0.0005463638300948759,0.00253921719102692,0.15436318516731262,620.0,47.962100440692325,1.3060827074527734,0.1330412443968084,0.14359336336884043,0.06882026164896611,-0.12468269857960552,0.842690483756191,-0.5744369226931189,524.75,449.0
43,9,0,0.0014264742550536835,-0.0020283692288963345,0.0005463638608571575,0.002539217201720879,0.15436318516731262,620.0,47.962100440692325,1.3060827074527734,0.07731250652221135,0.10629431396583255,0.06882026164896611,-0.12468269857960552,0.842690483756191,-0.5744369226931189,524.75,449.0
43,12,0,0.0014264742587875856,-0.00202836923139689,0.0005463638651186375,0.002539217206732929,0.15436318516731262,620.0,47.962100440692325,1.3060827074527734,0.03503332224598164,0.053944756983923425,0.06882026164896611,-0.12468269857960552,0.842690483756191,-0.5744369226931189,524.75,449.0
44,0,0,-0.009952203569463247,-0.003513394896747346,-0.01002748100792017,0.014558182405531502,0.19183965027332306,594.0,49.68856555295462,1.307485540240279,0.18429828295729314,0.1548632039717216,0.051152303884067725,-0.0907230828503581,0.8550274810079203,1.5761160666114375,555.25,430.25
44,3,0,-0.01074209578984954,-0.003512902330136125,-0.010988978701498953,0.015763589617894036,0.191817045211792,594.0,49.68627085801485,1.3074617845764718,0.15981830307367534,0.12618769813412467,0.051942196104467216,-0.09072357541283953,0.8542255018895757,1.5761698217973479,555.25,431.25
44,6,0,-0.010742095789835392,-0.0035129023256866843,-0.010988654303289769,0.015763363476905014,0.191817045211792,594.0,49.68627085801485,1.3074617845764718,0.10345908030717825,0.10559599720404667,0.051942196104467216,-0.09072357541283953,0.8542255018895757,1.5761698217973479,555.25,431.25
44,9,0,-0.01074209578982082,-0.0035129023212150806,-0.010988654272527487,0.01576336345445416,0.191817045211792,594.0,49.68627085801485,1.3074617845764718,0.05312918044295686,0.0639411335669251,0.051942196104467216,-0.09072357541283953,0.8542255018895757,1.5761698217973479,555.25,431.25
44,12,0,-0.010742095789806248,-0.003512902316721203,-0.010988654268266007,0.015763363450472082,0.191817045211792,594.0,49.68627085801485,1.3074617845764718,0.024489532916240876,0.021880034875231047,0.051942196104467216,-0.09072357541283953,0.8542255018895757,1.5761698217973479,555.25,431.25
45,0,0,0.0028596729451789704,0.000696144766344553,0.0023654137816596643,0.003775914359140439,0.14036837220191956,650.0,48.432564116620114,1.3016048541309984,0.270783869035344,0.17625977282197458,0.10518826284667622,-0.2649059403314058,0.8426345862183404,-1.0940968170816205,395.0,471.75
45,3,0,-0.0012692570867530034,-0.00023765183369783838,-0.001535252509394458,0.002006113709123849,0.10097622126340866,640.0,49.514574528991524,1.29708723439873,0.19149937660922087,0.16428616054421952,0.10931719288055104,-0.2639721437350076,0.8447717756974712,-1.090687108934218,395.0,473.0
45,6,0,-0.0012692570846598167,-0.00023765183762419761,-0.0015349281111852742,0.0020058654614385505,0.10097622126340866,640.0,49.514574528991524,1.29708723439873,0.14150895722232032,0.15958597861775858,0.10931719288055104,-0.2639721437350076,0.8447717756974712,-1.090687108934218,395.0,473.0
45,9,0,-0.0012692570825561938,-0.0002376518415702078,-0.0015349280804229926,0.002005865437035043,0.10097622126340866,640.0,49.514574528991524,1.29708723439873,0.0881165482281626,0.11367857777197365,0.10931719288055104,-0.2639721437350076,0.8447717756974712,-1.090687108934218,395.0,473.0
45,12,0,-0.0012692570804421072,-0.0002376518455357024,-0.0015349280761615125,0.002005865432906163,0.10097622126340866,640.0,49.514574528991524,1.29708723439873,0.039586339815056194,0.05660992215953187,0.10931719288055104,-0.2639721437350076,0.8447717756974712,-1.090687108934218,395.0,473.0
46,0,0,-0.014528021181189288,-0.004098129903865544,-0.014530756375481957,0.020952349486242614,0.13699640333652496,705.0,48.21792874251287,1.2391702028404967,0.2752044884713865,0.1568622252348929,0.1633561673456611,-0.2064810283004121,0.859530756375482,-2.5530875809575497,439.75,499.0
46,3,0,0.007440382326543704,0.00105091850170283,0.008291776955278607,0.011190052901503844,0.16106924414634705,708.5,45.21678868757903,1.2725283411019201,0.22090931485912554,0.17471036188722544,0.14138776383452528,-0.21163007670832068,0.8349447462327981,-2.546523637971917,440.25,500.25
46,6,0,0.007440382322877553,0.0010509184991815135,0.00829210135348779,0.011190293278508155,0.16106924414634705,708.5,45.21678868757903,1.2725283411019201,0.1711102162499383,0.1673642871312524,0.14138776383452528,-0.21163007670832068,0.8349447462327981,-2.546523637971917,440.25,500.25
46,9,0,0.007440382319193112,0.0010509184966476237,0.008292101384250072,0.011190293298615525,0.16106924414634705,708.5,45.21678868757903,1.2725283411019201,0.11564162006527019,0.13530321283012137,0.14138776383452528,-0.21163007670832068,0.8349447462327981,-2.546523637971917,440.25,500.25
46,12,0,0.007440382315490435,0.0010509184941011607,0.008292101388511552,0.011190293299072274,0.16106924414634705,708.5,45.21678868757903,1.2725283411019201,0.06331701468589045,0.09211641628977585,0.14138776383452528,-0.21163007670832068,0.8349447462327981,-2.546523637971917,440.25,500.25
46,147,5,-0.018151216269368664,-0.003453971114837473,-0.019365326146618456,0.026765881739341777,0.1298139989376068,656.0,64.99244692701699,1.0275085585756794,0.13369266405679242,0.1920126578257333,0.19549149847022912,0.17630485034862647,1.1356251074009116,-2.2078667986490985,838.0,303.75
47,0,0,-0.002587766700079569,-0.0025261979205976892,-0.0017534422271827665,0.004019051140771968,0.06804624944925308,729.0,45.96846973999723,1.230277997423822,0.2698132798021354,0.171310162351347,0.1744874736739916,-0.12750951217684986,0.8467534422271829,-1.3836824023394554,514.75,515.0
47,3,0,-0.0033260594129616017,-0.002525108346486421,-0.0027619418772423243,0.005006712126067437,0.06798350811004639,729.0,45.96901181754518,1.2303374598682315,0.24406424704874308,0.16528316724410785,0.1752257663876577,-0.12751060175501583,0.8459984650653191,-1.3836389654187822,514.75,516.0
47,6,0,-0.003326059412116833,-0.002525108350854982,-0.0027616174790331405,0.005006533181453,0.06798350811004639,729.0,45.96901181754518,1.2303374598682315,0.19540687724112898,0.16486465720691157,0.1752257663876577,-0.12751060175501583,0.8459984650653191,-1.3836389654187822,514.75,516.0
47,9,0,-0.0033260594112678454,-0.0025251083552452758,-0.002761617448270859,0.005006533166134722,0.06798350811004639,729.0,45.96901181754518,1.2303374598682315,0.13630231928606562,0.14756545042263058,0.1752257663876577,-0.12751060175501583,0.8459984650653191,-1.3836389654187822,514.75,516.0
47,12,0,-0.003326059410414639,-0.0025251083596573853,-0.002761617444009379,0.005006533165442559,0.06798350811004639,729.0,45.96901181754518,1.2303374598682315,0.08275545570932105,0.10899399870451587,0.1752257663876577,-0.12751060175501583,0.8459984650653191,-1.3836389654187822,514.75,516.0
47,15,0,-0.003326059409557186,-0.002525108364091422,-0.002761617439729913,0.005006533164748712,0.06798350811004639,729.0,45.96901181754518,1.2303374598682315,0.03448883327637876,0.053716099647883375,0.1752257663876577,-0.12751060175501583,0.8459984650653191,-1.3836389654187822,514.75,516.0
47,132,6,0.06193090054725667,-0.014797524715463112,0.05831218712393149,0.0863406876708504,0.23989905416965485,385.0,65.36143514087101,1.309675150535895,0.1650853530417312,0.3085076544771398,0.1289867399813221,0.19293729001901758,0.7911673227705621,-1.314917262327311,808.5,519.5
48,0,0,-0.007967248300956437,-0.0023324119045014247,-0.007139178044366035,0.010949203346842693,0.11952447146177292,820.5,43.17565745705737,1.2036918634299927,0.3097044472256229,0.170734686782672,0.2207360159826876,-0.18832867465733388,0.8521391780443661,-2.0495457822773457,451.5,544.25
48,3,0,0.005505061138877249,0.0006570053602078796,0.008062640746147709,0.009784862287613435,0.08813352882862091,803.0,42.31817359268799,1.2255367267576078,0.25482597188873385,0.1830978582269427,0.20726370654088405,-0.19131809192567303,0.835173882441929,-2.0692494898011136,452.0,545.5
48,6,0,0.005505061136754946,0.000657005356297119,0.008062965144356893,0.009785129589163699,0.08813352882862091,803.0,42.31817359268799,1.2255367267576078,0.20585942093876347,0.1870053838418091,0.20726370654088405,-0.19131809192567303,0.835173882441929,-2.0692494898011136,452.0,545.5
48,9,0,0.005505061134622097,0.0006570053523670127,0.008062965175119174,0.009785129613048067,0.08813352882862091,803.0,42.31817359268799,1.2255367267576078,0.14847212997937725,0.1559998306806334,0.20726370654088405,-0.19131809192567303,0.835173882441929,-2.0692494898011136,452.0,545.5
48,12,0,0.005505061132478645,0.0006570053484172556,0.008062965179380654,0.00978512961508844,0.08813352882862091,803.0,42.31817359268799,1.2255367267576078,0.09439330683792871,0.12141661140520532,0.20726370654088405,-0.19131809192567303,0.835173882441929,-2.0692494898011136,452.0,545.5
48,15,0,0.022554667163730224,0.0050649991326884025,0.02710815661012933,0.03562610534257264,0.14935025572776794,786.5,41.01229500637146,1.2514701456248571,0.04189968899617052,0.08959471363942906,0.1902141005074784,-0.1957260857139135,0.8161286910154597,-2.068816273616076,451.75,545.5
49,0,0,0.014750408415925148,0.0009048016319845864,0.018207559478889968,0.02345012657976825,0.20480364561080933,780.5,41.97918434261537,1.235544509803121,0.29989078105421446,0.17963056594122684,0.19161330286121575,-0.14411448821931175,0.8267924405211101,0.8063298525346434,499.25,539.75
49,3,0,-0.002988785568322494,-0.0024318110378087343,-0.00163298226122488,0.0041848745695057974,0.08854874968528748,797.5,43.210239009311266,1.2100426011711656,0.26623581703414856,0.16172591513243595,0.20935249684823892,-0.14077787554646035,0.8448695054493016,0.8099662457784261,499.5,540.75
49,6,0,-0.0029887855653321638,-0.0024318110345139254,-0.0016326578630156963,0.004184747992506666,0.08854874968528748,797.5,43.210239009311266,1.2100426011711656,0.21647332070380357,0.16512677632300887,0.20935249684823892,-0.14077787554646035,0.8448695054493016,0.8099662457784261,499.5,540.75
49,9,0,-0.0029887855623269566,-0.0024318110312026575,-0.0016326578322534147,0.0041847479764343535,0.08854874968528748,797.5,43.210239009311266,1.2100426011711656,0.15738463328265748,0.13474387305257107,0.20935249684823892,-0.14077787554646035,0.8448695054493016,0.8099662457784261,499.5,540.75
49,12,0,-0.0029887855593068446,-0.0024318110278749583,-0.0016326578279919346,0.004184747970680997,0.08854874968528748,797.5,43.210239009311266,1.2100426011711656,0.10234285936778004,0.10998619880488358,0.20935249684823892,-0.14077787554646035,0.8448695054493016,0.8099662457784261,499.5,540.75
49,15,0,-0.002988785556271689,-0.0024318110245307445,-0.001632657823712469,0.004184747964900285,0.08854874968528748,797.5,43.210239009311266,1.2100426011711656,0.05055544177213603,0.06256151315505165,0.20935249684823892,-0.14077787554646035,0.8448695054493016,0.8099662457784261,499.5,540.75
50,0,0,-0.006821697586061715,-0.0021263934286637476,-0.007077237959556393,0.010057057427763378,0.12466645985841751,680.5,47.74723719177451,1.2737449040025952,0.28497089222707755,0.15000203213178787,0.1278928872572092,-0.2357752696651507,0.8520772379595565,-2.0609699862091775,417.5,480.25
50,3,0,0.008974522965217127,0.0018806099887583028,0.008866579205714986,0.012755194361288445,0.07540622353553772,665.0,47.00723753019848,1.2977851390918427,0.21022530120790328,0.16504007945157884,0.11209666670385039,-0.2397822730861405,0.8343699439823618,-2.0812643434918394,418.0,481.5
50,6,0,0.0089745229629761,0.0018806099849144053,0.00886690360392417,0.012755419861754004,0.07540622353553772,665.0,47.00723753019848,1.2977851390918427,0.15434604906658198,0.16287282531085856,0.11209666670385039,-0.2397822730861405,0.8343699439823618,-2.0812643434918394,418.0,481.5
50,9,0,0.008974522960723916,0.0018806099810513566,0.008866903634686452,0.012755419880984184,0.07540622353553772,665.0,47.00723753019848,1.2977851390918427,0.10088243927378263,0.12941306998986213,0.11209666670385039,-0.2397822730861405,0.8343699439823618,-2.0812643434918394,418.0,481.5
51,0,0,-0.008455084543694308,-0.0035653941454255045,-0.009206550685742498,0.012998502436142347,0.2288355976343155,557.0,50.90036750989869,1.3464309878700713,0.16310729468869942,0.16725643970353832,0.00934583932480699,-0.17039611262986498,0.8542065506857426,-0.35283928463598396,488.0,406.25
51,3,0,0.0027862956917805355,-0.0014225481076655389,0.0008351953310340443,0.003237999079931717,0.0726889818906784,566.0,49.02414442819261,1.3628278382918748,0.13571474668664132,0.14575993881520344,-0.0018955409068372366,-0.1725389586691682,0.8424013278570427,-0.40010722823106376,488.0,407.5
51,6,0,0.002786295695907653,-0.0014225481093282366,0.0008355197292432281,0.0032380827732381287,0.0726889818906784,566.0,49.02414442819261,1.3628278382918748,0.11189238649791686,0.13378502094414346,-0.0018955409068372366,-0.1725389586691682,0.8424013278570427,-0.40010722823106376,488.0,407.5
51,9,0,0.0027862957000553187,-0.001422548110999261,0.0008355197600055098,0.003238082785478776,0.0726889818906784,566.0,49.02414442819261,1.3628278382918748,0.06071198922985592,0.09093429512023465,-0.0018955409068372366,-0.1725389586691682,0.8424013278570427,-0.40010722823106376,488.0,407.5
51,12,0,0.0027862957042235994,-0.0014225481126785566,0.0008355197642669898,0.0032380827909028165,0.0726889818906784,566.0,49.02414442819261,1.3628278382918748,0.02381300951879301,0.037019206870186006,-0.0018955409068372366,-0.1725389586691682,0.8424013278570427,-0.40010722823106376,488.0,407.5
52,0,0,-0.003705261981607255,-0.00026471749987344584,-0.002952591134080973,0.004745190840433811,0.2610148787498474,750.5,46.423110264110626,1.253900753481501,0.3530478253002373,0.14600540656847383,0.18390930633621932,-0.304259020334857,0.8479525911340811,-1.110759262515544,345.5,520.75
52,3,0,-0.011132935954779571,-0.0032082897830386092,-0.010760378364108703,0.015812056439437356,0.29606902599334717,750.0,47.26589829406207,1.2440049964035136,0.26165107057863674,0.15210525146469844,0.19133698031131224,-0.30131544805534805,0.8539969015521854,-1.0796971460935147,346.0,522.0
52,6,0,-0.011132935952710421,-0.0032082897869776805,-0.010760053965899519,0.015811835681964554,0.29606902599334717,750.0,47.26589829406207,1.2440049964035136,0.1978366017438412,0.16848355821732441,0.19133698031131224,-0.30131544805534805,0.8539969015521854,-1.0796971460935147,346.0,522.0
52,9,0,-0.011132935950630973,-0.0032082897909364583,-0.010760053935137237,0.015811835660369766,0.29606902599334717,750.0,47.26589829406207,1.2440049964035136,0.14714487301333756,0.1423845087903789,0.19133698031131224,-0.30131544805534805,0.8539969015521854,-1.0796971460935147,346.0,522.0
52,12,0,-0.0111329359485412,-0.003208289794914887,-0.010760053930875757,0.015811835656805658,0.29606902599334717,750.0,47.26589829406207,1.2440049964035136,0.09117385019830587,0.0968250321279146,0.19133698031131224,-0.30131544805534805,0.8539969015521854,-1.0796971460935147,346.0,522.0
52,15,0,-0.011132935946441075,-0.0032082897989129666,-0.010760053926596291,0.015811835653226008,0.29606902599334717,750.0,47.26589829406207,1.2440049964035136,0.038094337919126094,0.04943231608074061,0.19133698031131224,-0.30131544805534805,0.8539969015521854,-1.0796971460935147,346.0,522.0
52,144,6,-0.01781743266235236,-0.00035381069507542384,-0.017820148332718055,0.025202058949329607,0.22218745946884155,938.0,63.96266267510785,0.896502435069801,0.25632478826965255,0.29239226029926946,0.26533020461327755,0.1785766615715996,1.2682456188321103,-0.5255834492107032,874.0,214.5
53,0,0,-0.005301875504036296,-0.0009557174387900824,-0.005170466621701841,0.007467061320843727,0.25346606969833374,667.5,48.99362086640847,1.283269485813863,0.29232943610717177,0.16345095138539423,0.12904371255564245,-0.2802187171519997,0.8501704666217019,-0.726697461135017,376.5,482.25
53,3,0,-0.0014330797521106553,0.00026206344527018866,-0.0015219430246641297,0.002106823532140321,0.30975568294525146,669.0,48.35135405203247,1.2899564578331877,0.21111841093715802,0.15445368274492266,0.1251749168069251,-0.2814364980386602,0.8447584662127409,-0.7069802419464843,376.75,483.25
53,6,0,-0.001433079748653976,0.0002620634424686519,-0.0015216186264549458,0.0021065892001658273,0.30975568294525146,669.0,48.35135405203247,1.2899564578331877,0.1569590266327597,0.15964144626004872,0.1251749168069251,-0.2814364980386602,0.8447584662127409,-0.7069802419464843,376.75,483.25
53,9,0,-0.001433079745180088,0.00026206343965295975,-0.0015216185956926642,0.0021065891752322955,0.30975568294525146,669.0,48.35135405203247,1.2899564578331877,0.10445878194810647,0.12334452705236965,0.1251749168069251,-0.2814364980386602,0.8447584662127409,-0.7069802419464843,376.75,483.25
53,12,0,-0.0014330797416889085,0.00026206343682344535,-0.0015216185914311842,0.0021065891694271774,0.30975568294525146,669.0,48.35135405203247,1.2899564578331877,0.05233443039573984,0.0701799571127183,0.1251749168069251,-0.2814364980386602,0.8447584662127409,-0.7069802419464843,376.75,483.25
54,0,0,-0.0014529630239359381,-0.0007987679618419175,-0.00021201390818192944,0.0016715506881493998,0.10419370234012604,752.0,46.052515502441466,1.2307640099418027,0.3167302956294792,0.1589129367971096,0.19456051112101064,-0.2177291394055712,0.845212013908182,-0.9971024414876821,427.0,530.0
54,3,0,-0.00216416126359259,-0.0007917103875823006,-0.0012075402092059928,0.0026016442242339064,0.10426108539104462,752.0,46.05108479471668,1.2308648291119013,0.2573979785409018,0.1707206982637388,0.19527170936301358,-0.2177361969832295,0.8444440633972827,-0.9970111681656093,427.0,531.0
54,6,0,-0.002164161261064751,-0.0007917103912439827,-0.001207215810996809,0.002601493671300731,0.10426108539104462,752.0,46.05108479471668,1.2308648291119013,0.20599358929384487,0.17649376508650017,0.19527170936301358,-0.2177361969832295,0.8444440633972827,-0.9970111681656093,427.0,531.0
54,9,0,-0.0021641612585243386,-0.0007917103949239002,-0.0012072157802345274,0.0026014936560321395,0.10426108539104462,752.0,46.05108479471668,1.2308648291119013,0.15210463272914637,0.1495499307678938,0.19527170936301358,-0.2177361969832295,0.8444440633972827,-0.9970111681656093,427.0,531.0
54,12,0,-0.0021641612559712697,-0.0007917103986220531,-0.0012072157759730473,0.00260149365305619,0.10426108539104462,752.0,46.05108479471668,1.2308648291119013,0.09659469657971331,0.11384691894220689,0.19527170936301358,-0.2177361969832295,0.8444440633972827,-0.9970111681656093,427.0,531.0
54,15,0,-0.0021641612534055166,-0.0007917104023386079,-0.0012072157716935816,0.0026014936500669433,0.10426108539104462,752.0,46.05108479471668,1.2308648291119013,0.04380078476562657,0.0660992448338209,0.19527170936301358,-0.2177361969832295,0.8444440633972827,-0.9970111681656093,427.0,531.0
55,0,0,-0.012934201780431837,-0.003741247870344022,-0.012532879425016796,0.01839466167142764,0.3526107966899872,784.5,46.36901225546761,1.216072189576384,0.349524794614793,0.16966667099165,0.2166538540561575,-0.26211223662512956,0.8575328794250169,0.0037746225510272174,379.25,537.75
55,3,0,-0.012923536678980385,-0.004008436162508011,-0.012762329215981527,0.018600064725127947,0.18240481615066528,784.5,46.27802114179055,1.217147803121693,0.27254626909273355,0.17786788881270676,0.21664318895883555,-0.2618450483330166,0.8559988524040583,0.004568507030766322,379.75,538.75
55,6,0,-0.012923536674531277,-0.0040084361625621345,-0.012762004817772343,0.0185998421395488,0.18240481615066528,784.5,46.27802114179055,1.217147803121693,0.21682186725979716,0.18474425774669734,0.21664318895883555,-0.2618450483330166,0.8559988524040583,0.004568507030766322,379.75,538.75
55,9,0,-0.01292353667006002,-0.004008436162616258,-0.012762004787010062,0.018599842115346665,0.18240481615066528,784.5,46.27802114179055,1.217147803121693,0.16213459280136291,0.15491861140144692,0.21664318895883555,-0.2618450483330166,0.8559988524040583,0.004568507030766322,379.75,538.75
55,12,0,-0.012923536665566587,-0.004008436162673212,-0.012762004782748582,0.018599842109312863,0.18240481615066528,784.5,46.27802114179055,1.217147803121693,0.10685175783224735,0.11532258974940257,0.21664318895883555,-0.2618450483330166,0.8559988524040583,0.004568507030766322,379.75,538.75
55,15,0,-0.012923536661050866,-0.004008436162731499,-0.012762004778469227,0.018599842103251597,0.18240481615066528,784.5,46.27802114179055,1.217147803121693,0.05341630802940614,0.059771318303780685,0.21664318895883555,-0.2618450483330166,0.8559988524040583,0.004568507030766322,379.75,538.75
55,138,6,-0.010769771808263273,-0.001862627800442468,-0.01642074784498826,0.01972557545203004,0.17870377004146576,727.0,63.65029742370627,0.9859279034380037,0.34924100822020765,0.46982304354901383,0.30519170367276677,0.17397978806934344,1.0724852064523966,0.28100764746187296,842.0,443.5
55,141,6,-0.003524436904676742,-0.0052342394717661556,-0.0076055318863347265,0.009882460908948565,0.26758676767349243,745.5,56.20487469267901,1.097925467095544,0.41083709869519613,0.620679485530064,0.29151732061931496,0.17778820470248272,0.9303147075961397,0.2874054439242836,825.5,544.75
55,144,6,-0.0033223306433640687,-0.005178348337348537,-0.008375176730236022,0.010392148847540783,0.1484053134918213,721.0,57.41649808890901,1.0976196970816998,0.4138442020091093,0.6257489357176407,0.2904901337302543,0.177758920966899,0.9316073588403342,0.2864119626545747,825.5,543.0
56,0,0,3.569055841818464e-05,-0.000963823767528571,-0.0009790766538213536,0.0013743439034212613,0.2096724808216095,570.5,50.247352682708865,1.3451920898680756,0.19748736408662784,0.14849767465179875,0.02471026361638346,-0.2027260686264578,0.8459790766538214,-2.4063967619272084,459.25,420.5
56,3,0,0.021879491647214054,0.0034959492099017886,0.018493568699050833,0.028860802117149052,0.06558150798082352,557.0,49.289933243462755,1.3759730610703635,0.13782012100092544,0.15434931082855596,0.0028664625246437956,-0.20718584160678458,0.8247429544872855,-2.4124046074322534,459.5,421.5
56,6,0,0.021879491644042376,0.0034959492067811737,0.018493893094535196,0.02886100998319724,0.06558150798082352,557.0,49.289933243462755,1.3759730610703635,0.09244769362718183,0.1343369670154685,0.0028664625246437956,-0.20718584160678458,0.8247429544872855,-2.4124046074322534,459.5,421.5
56,9,0,0.021879491640854898,0.0034959492036450435,0.018493893129438277,0.028861010002766536,0.06558150798082352,557.0,49.289933243462755,1.3759730610703635,0.046010088981488596,0.08570915563211057,0.0028664625246437956,-0.20718584160678458,0.8247429544872855,-2.4124046074322534,459.5,421.5
57,0,0,-0.016327687794318646,-0.005153616909401582,-0.016278243211693022,0.023624867365059258,0.05599174648523331,708.5,49.27215261200254,1.2652524122438291,0.34669742867040576,0.1423835039906861,0.1643176511326247,-0.3356669740850903,0.8612782432116931,1.5826426111949383,316.75,498.5
57,3,0,-0.0013164308052898421,0.0014283644903810289,-0.0010435324840466498,0.002205034064988133,0.2381991744041443,698.0,48.20132049212984,1.288853201930251,0.2498560081353157,0.1525378871653389,0.14930639414363261,-0.3422489554807432,0.8442800556721234,1.590600771694406,316.5,499.5
57,6,0,-0.0013164308052502904,0.0014283644948302476,-0.001043208085837466,0.002204880564896944,0.2381991744041443,698.0,48.20132049212984,1.288853201930251,0.17928547185031093,0.16141138443543712,0.14930639414363261,-0.3422489554807432,0.8442800556721234,1.590600771694406,316.5,499.5
57,9,0,-0.0013164308052107387,0.0014283644993017264,-0.0010432080550751843,0.0022048805532153015,0.2381991744041443,698.0,48.20132049212984,1.288853201930251,0.12848674240396565,0.13306320265447436,0.14930639414363261,-0.3422489554807432,0.8442800556721234,1.590600771694406,316.5,499.5
57,12,0,-0.001316430805171187,0.001428364503795354,-0.0010432080508137043,0.0022048805540864874,0.2381991744041443,698.0,48.20132049212984,1.288853201930251,0.07592685939251825,0.08598938597776284,0.14930639414363261,-0.3422489554807432,0.8442800556721234,1.590600771694406,316.5,499.5
57,15,0,-0.0013164308051316354,0.0014283645083111862,-0.0010432080465342386,0.0022048805549635484,0.2381991744041443,698.0,48.20132049212984,1.288853201930251,0.024824854169311718,0.03716214095554993,0.14930639414363261,-0.3422489554807432,0.8442800556721234,1.590600771694406,316.5,499.5
58,0,0,0.004414193497566518,0.001053652449192366,0.00205187395717088,0.004980509457250703,0.13142548501491547,567.0,49.9327075025588,1.3719641108069556,0.21485594300884603,0.17199841982145847,0.006179427789258016,-0.2680729183334614,0.8429481260428292,1.073049749957565,405.0,411.75
58,3,0,0.023208897703900683,0.005838094417608297,0.01892252174210496,0.0305089840561673,0.06130316108465195,553.0,49.26320643283817,1.3988335873208564,0.1423846259789867,0.16833285971994816,-0.012615276414988654,-0.2728573602983138,0.8243140014459718,1.0502340074010639,405.5,413.0
58,6,0,0.02320889770614976,0.005838094421447393,0.018922846140314142,0.030509185260479518,0.06130316108465195,553.0,49.26320643283817,1.3988335873208564,0.09408473433928292,0.14142733310084632,-0.012615276414988654,-0.2728573602983138,0.8243140014459718,1.0502340074010639,405.5,413.0
58,9,0,0.023208897708410028,0.0058380944253058065,0.018922846171076424,0.0305091852820171,0.06130316108465195,553.0,49.26320643283817,1.3988335873208564,0.049584838371556285,0.09020151064447302,-0.012615276414988654,-0.2728573602983138,0.8243140014459718,1.0502340074010639,405.5,413.0
58,126,6,0.0015934498054278878,-0.008176137566802882,-0.003421156817350557,0.009005144183332531,0.15614178776741028,570.0,60.274091438059,1.1731036649015318,0.43097811049315354,0.6293302469811359,0.21554835873976014,0.15121788263372857,0.8909650862151799,1.555646913651702,786.0,514.5
59,0,0,0.012831590614693161,0.001971939238735343,0.011193381615940523,0.017141471758994938,0.3967995345592499,619.5,47.648059852766885,1.3301512375175943,0.22912523201516347,0.18933999026730342,0.06312841718192981,-0.22839360643568607,0.8338066183840596,-2.112656770410129,434.0,451.25
59,3,0,-0.009237418130895445,-0.0028729077732380093,-0.009228838005151285,0.013369926840632002,0.24328003823757172,633.5,48.81474966515999,1.3009251420558687,0.1744371597334502,0.1472358223732002,0.08519742592533615,-0.22354875942721883,0.852465361193228,-2.111771924373467,433.75,452.75
59,6,0,-0.009237418133246675,-0.0028729077770154876,-0.009228513606942101,0.013369702923295868,0.24328003823757172,633.5,48.81474966515999,1.3009251420558687,0.12299239813823308,0.13091925623732403,0.08519742592533615,-0.22354875942721883,0.852465361193228,-2.111771924373467,433.75,452.75
59,9,0,-0.009237418135609618,-0.0028729077808117842,-0.00922851357617982,0.01336970290451039,0.24328003823757172,633.5,48.81474966515999,1.3009251420558687,0.06933767383626059,0.08338306152524622,0.08519742592533615,-0.22354875942721883,0.852465361193228,-2.111771924373467,433.75,452.75
59,12,0,-0.009237418137984316,-0.0028729077846269824,-0.00922851357191834,0.013369702904029428,0.24328003823757172,633.5,48.81474966515999,1.3009251420558687,0.024507937459664023,0.030240586298103556,0.08519742592533615,-0.22354875942721883,0.852465361193228,-2.111771924373467,433.75,452.75
