episode,grasp_step,diag_deg,off_xy,obj_z,lift_ok,rise
0,22,8.917673883079203,0.017034637705787004,0.8637254629834823,1,0.14387828125110125
1,-1,,,,0,
2,19,35.45350655841449,0.007207405578222399,0.8437281278812621,1,0.13778422390147704
3,-1,,,,0,
4,-1,,,,0,
5,-1,,,,0,
6,16,1.0935611815658461,0.01546312954488,0.8587494980618865,1,0.13563402378329825
7,-1,,,,0,
8,31,14.567548415645632,0.003788846947176987,0.8480274090805701,1,0.12983937324044004
9,-1,,,,0,
10,-1,,,,0,
11,-1,,,,0,
12,-1,,,,0,
13,17,37.437875107778325,0.0021923860964418035,0.8592778239680949,1,0.1374229559418656
14,18,26.96595167400521,0.001623763923947466,0.8548353413974343,1,0.13923822478008707
15,-1,,,,0,
16,19,12.457698054474236,0.011315363752790259,0.8556451011351838,1,0.13281992474872928
17,-1,,,,0,
18,28,4.538617306164667,0.008966305720059464,0.8613180462401118,1,0.1318054639679176
19,18,3.441828728562399,0.015456490259708472,0.8581912132118097,1,0.138638821619105
20,63,22.697648674511242,0.0017063579923417005,0.8755468616950183,1,0.1379055280185596
21,-1,,,,0,
22,-1,,,,0,
23,-1,,,,0,
24,35,1.767588621137179,0.01531392022071079,0.8564049604203906,1,0.1277079837830718
25,22,1.8788822467705302,0.006358404621769813,0.8592153696237226,1,0.14087671525485046
26,-1,,,,0,
27,-1,,,,0,
28,-1,,,,0,
29,23,28.162350829736965,0.010601609972582316,0.8540481882057924,1,0.1423246948364444
30,18,41.00852890237408,0.0034645748236641744,0.8497750541163157,1,0.13846882298436525
31,19,30.97250281998175,0.012130529730949082,0.8531650689481604,1,0.13800362110076014
32,-1,,,,0,
33,15,30.50544542438493,0.005002290806667585,0.8552478808155394,1,0.13807341556671304
34,-1,,,,0,
35,21,1.0274151577660788,0.018836033431205493,0.8602801570787524,1,0.13956632440290329
36,36,11.286715678270753,0.0033476388349433363,0.8490820393350542,1,0.12848440292874996
37,19,30.002669013307013,0.004896684170936059,0.8306269816355113,1,0.13813690427936653
38,20,5.787537808235761,0.02287752175308204,0.8549141704744022,1,0.12910809784515287
39,18,19.1529861292922,0.008049456702628958,0.8493879294014335,1,0.13928224157160218
40,21,29.943701621705998,0.0105293847401618,0.8657153086260111,1,0.13662762178921273
41,-1,,,,0,
42,22,8.09808027539443,0.012186449000563088,0.8689499293984513,1,0.12554051701668734
43,17,4.5081919087983096,0.018159973162320302,0.8396491664979939,1,0.13403797522530947
44,18,20.94151806589241,0.007932467113441382,0.8404191126320356,0,0.0031796029830096773
45,20,18.28663947556577,0.008475595282708493,0.851662630180154,1,0.13658920259902763
46,19,37.23164258066963,0.005601772313428578,0.8422214180194674,1,0.1365416996503156
47,20,42.914666308668956,0.005412584408460673,0.8673308464271323,1,0.1407894540522019
48,22,10.677320089814842,0.004643384112378084,0.857850045530239,1,0.13868018586781528
49,-1,,,,0,
50,18,14.154723464660393,0.0007613982081368727,0.8601280744462555,1,0.13474727059653524
51,19,4.154021667503542,0.0144430875028958,0.8848954856935028,1,0.1464077541691392
52,23,13.67012049111299,0.013317680961156217,0.8768959316899939,1,0.1314072380992498
53,21,4.14391500723125,0.01757573634877653,0.856908932985839,1,0.13735062059072234
54,21,7.1171631954143635,0.013961457070871678,0.8477849873458436,1,0.14000004064126492
55,21,2.151533852084313,0.027046048935884467,0.8743312241487928,1,0.13753553589373957
56,16,25.173712238264798,0.0035568398252753142,0.8519921562950693,1,0.1405609812615164
57,-1,,,,0,
58,30,8.61410500611575,0.00534013522898864,0.8613933329114858,1,0.11521633847091162
59,18,16.122036630194017,0.002093510813709962,0.8664114585513497,1,0.13628440858107138
60,17,6.5204158747796015,0.01335953450358432,0.8547894091465629,1,0.14204470632418764
61,20,6.517198651326176,0.02643903307902188,0.8858149650660222,1,0.14796220732714238
62,21,2.1826229785630886,0.022384112271662544,0.8488534905028691,1,0.13467071897049177
63,-1,,,,0,
64,-1,,,,0,
65,20,14.32870629726483,0.002098679617762368,0.8447770275746802,1,0.1363595838174151
66,30,9.676621061546193,0.021827701315238066,0.8630818391820796,1,0.13787134325578965
67,26,3.2940360861841924,0.01919025500766616,0.8582909336761434,1,0.134465744806745
68,22,7.413483575820123,0.003285993598183409,0.8936922025036406,1,0.13098237011583624
69,-1,,,,0,
70,-1,,,,0,
71,-1,,,,0,
72,15,4.3151511253614885,0.01436478875599089,0.8567135438192756,1,0.1405782431793493
73,-1,,,,0,
74,19,0.017084902357623832,0.007978738681358694,0.8682111330600134,1,0.14304896580149207
75,22,5.522794336781445,0.030436828139505927,0.8633466252944215,0,0.014266474003667873
76,-1,,,,0,
77,-1,,,,0,
78,19,26.037643505976146,0.006631880947142328,0.8562745047036772,1,0.14607455595546737
79,-1,,,,0,
80,19,2.180776621048352,0.0032866912273912282,0.872139556061405,1,0.1357475638369271
81,-1,,,,0,
82,20,29.864821212558457,0.007700065033215386,0.8515830391658684,1,0.13843358426239327
83,17,4.494469760426185,0.005335901106421081,0.8577561053589168,1,0.14140825134373458
84,-1,,,,0,
85,26,15.052496375790668,0.012123370556990932,0.8448455206466218,1,0.1340092070725345
86,-1,,,,0,
87,23,1.7404437662436578,0.020991579670202775,0.8541318714117575,1,0.13295014622439594
88,22,35.44507982389058,0.010243777773300343,0.8650942688140882,1,0.1329723670763976
89,20,27.102519853603496,0.009488362950219716,0.8629106950791627,1,0.13422233788883509
90,18,42.2130390639102,0.006662529959120092,0.8434810675062431,1,0.1324620500183893
91,22,3.6480600193691686,0.02141041565949519,0.8430906492153326,1,0.14287501642986544
92,17,32.1550618450418,0.004961094178032989,0.8445262040406413,1,0.14223700540195916
93,19,28.42743774147783,0.0023291235228487337,0.8325592791631584,1,0.13465303141936802
94,-1,,,,0,
95,-1,,,,0,
96,16,10.255617333747864,0.013069565952874335,0.8560006075704836,1,0.13916389994631517
97,23,26.915118317414116,0.006405007226034574,0.8531954115530996,1,0.1411991249086071
98,21,17.34337381094366,0.009414361564507819,0.8701051467807951,1,0.13479806411866846
99,17,27.15151221379391,0.0056867945391954585,0.8494437270523264,1,0.14625432603629407
100,18,20.288629213005667,0.009088721403599056,0.8540200725260819,1,0.14046329869402063
101,19,0.7957011876095237,0.0038689926745551213,0.8769817181499836,1,0.13676221924916054
102,-1,,,,0,
103,45,6.780088309897735,0.014225033013957184,0.8816327218562651,1,0.13502585520519428
104,24,18.03925565374735,0.012824649517992266,0.855814749368667,1,0.13301349020593667
105,20,15.214776925263177,0.009223270259189285,0.8524435154347395,1,0.13952127611641096
106,21,42.08563062263761,0.01882274660409618,0.8851653581808769,1,0.12326571127597141
107,29,14.155136825293965,0.00885608966535321,0.8542042896054266,1,0.12355596904954236
108,-1,,,,0,
109,-1,,,,0,
110,17,42.20794739276727,0.010797931341702942,0.8430228518994461,1,0.14213950189019997
111,17,20.551226453870612,0.013422969026974041,0.8493079562905587,1,0.13809707181420605
112,-1,,,,0,
113,18,29.337241623157574,0.014766637898153542,0.8314052070564542,1,0.1358766242603774
114,-1,,,,0,
115,-1,,,,0,
116,22,13.717611301023268,0.005728758136103522,0.8775270279665416,1,0.1340023885322793
117,-1,,,,0,
118,25,18.178614221323468,0.01210862463391624,0.8571278235631896,1,0.14126731108192236
119,-1,,,,0,
120,-1,,,,0,
121,25,3.6396189660269584,0.02467288168056321,0.850695149781705,1,0.12091901020717943
122,15,44.670952065705876,0.010741878249573384,0.8483660375086531,1,0.14735546172486036
123,-1,,,,0,
124,-1,,,,0,
125,30,8.092104748811636,0.00026692071513942985,0.8510438076689647,1,0.13226303392958627
126,-1,,,,0,
127,25,27.00203513696289,0.014861216717007443,0.8407409258309222,1,0.1394470453734713
128,17,5.612936498093859,0.005271774004660616,0.874915790156939,1,0.13448620643548048
129,26,6.401857715414707,0.01656032398779293,0.8637520049040531,1,0.12891892498686042
130,22,20.60968878697213,0.0024436587858422004,0.8500629913365254,1,0.13659741586419416
131,-1,,,,0,
132,46,42.17837585100904,0.0024978204740965923,0.8404626737096688,1,0.13675786721381344
133,21,12.019616080187546,0.006312553381992978,0.8561866371273213,1,0.13421698114214797
134,19,14.416117392001183,0.005750295688965581,0.8755294656118481,1,0.13311578937135737
135,18,6.724603788893688,0.004801610675008892,0.8733961052511238,1,0.13737925248151217
136,-1,,,,0,
137,22,27.84141556161819,0.004224897513630869,0.8475742776571934,1,0.13741970576914442
138,-1,,,,0,
139,22,27.15534111646276,0.0074741238404122615,0.8783943918948453,1,0.13837074168140873
140,19,24.97592343812489,0.007228971369228108,0.849691213283299,1,0.13675679688500286
141,17,24.633870529493805,0.012486767294069116,0.8981258476825615,1,0.1448771407509557
142,22,7.451765534144101,0.005595486663950416,0.8472962110684885,1,0.13330464755209614
143,28,8.084788313593009,0.015120157054307626,0.8607683220248944,1,0.11627586041649884
144,-1,,,,0,
145,19,31.5123372693469,0.0041028930040064,0.8545341658209096,1,0.14055506416880414
146,34,3.3203826301328547,0.010890840041309396,0.8764750796229253,1,0.1335810797091368
147,20,11.338068586308339,0.006486145986197358,0.8573481208655832,1,0.13254530362528827
148,33,2.8546590219745553,0.017330775486071898,0.8617134637738444,1,0.12265315853936165
149,-1,,,,0,
